fragment_1,scheme_1,value_1,fragment_2,scheme_2,value_2,overlap_size,overlap_descriptor_ids
top_category_A,top_category,A,branch_code_A01,branch_code,A01,1,D000005
top_category_A,top_category,A,branch_code_A02,branch_code,A02,5,"D000009,D000077,D000125,D000173,D000174"
top_category_A,top_category,A,branch_code_A04,branch_code,A04,1,D000234
top_category_A,top_category,A,branch_code_A05,branch_code,A05,2,"D000177,D000290"
top_category_A,top_category,A,branch_code_A06,branch_code,A06,3,"D000302,D000311,D000313"
top_category_A,top_category,A,branch_code_A08,branch_code,A08,3,"D000010,D000055,D000159"
top_category_A,top_category,A,branch_code_A10,branch_code,A10,3,"D000153,D000234,D000273"
top_category_A,top_category,A,branch_code_A11,branch_code,A11,2,"D000050,D000177"
top_category_A,top_category,A,branch_code_A13,branch_code,A13,1,D000018
top_category_A,top_category,A,branch_code_A14,branch_code,A14,1,D000234
top_category_A,top_category,A,branch_code_A15,branch_code,A15,2,"D000050,D000234"
top_category_A,top_category,A,branch_code_C17,branch_code,C17,1,D000153
top_category_A,top_category,A,subbranch_code_A01.923,subbranch_code,A01.923,1,D000005
top_category_A,top_category,A,subbranch_code_A02.633,subbranch_code,A02.633,1,D000009
top_category_A,top_category,A,subbranch_code_A02.835,subbranch_code,A02.835,3,"D000077,D000173,D000174"
top_category_A,top_category,A,subbranch_code_A02.880,subbranch_code,A02.880,1,D000125
top_category_A,top_category,A,subbranch_code_A04.623,subbranch_code,A04.623,1,D000234
top_category_A,top_category,A,subbranch_code_A05.360,subbranch_code,A05.360,2,"D000177,D000290"
top_category_A,top_category,A,subbranch_code_A06.300,subbranch_code,A06.300,3,"D000302,D000311,D000313"
top_category_A,top_category,A,subbranch_code_A08.800,subbranch_code,A08.800,3,"D000010,D000055,D000159"
top_category_A,top_category,A,subbranch_code_A10.165,subbranch_code,A10.165,2,"D000153,D000273"
top_category_A,top_category,A,subbranch_code_A10.549,subbranch_code,A10.549,1,D000234
top_category_A,top_category,A,subbranch_code_A11.118,subbranch_code,A11.118,1,D000050
top_category_A,top_category,A,subbranch_code_A11.284,subbranch_code,A11.284,1,D000177
top_category_A,top_category,A,subbranch_code_A11.443,subbranch_code,A11.443,1,D000050
top_category_A,top_category,A,subbranch_code_A11.497,subbranch_code,A11.497,1,D000177
top_category_A,top_category,A,subbranch_code_A13.869,subbranch_code,A13.869,1,D000018
top_category_A,top_category,A,subbranch_code_A14.724,subbranch_code,A14.724,1,D000234
top_category_A,top_category,A,subbranch_code_A15.145,subbranch_code,A15.145,1,D000050
top_category_A,top_category,A,subbranch_code_A15.382,subbranch_code,A15.382,1,D000234
top_category_A,top_category,A,subbranch_code_C17.300,subbranch_code,C17.300,1,D000153
top_category_A,top_category,A,subbranch_code_C17.800,subbranch_code,C17.800,1,D000153
top_category_B,top_category,B,branch_code_A05,branch_code,A05,1,D_RE_001
top_category_B,top_category,B,branch_code_B01,branch_code,B01,6,"D000045,D000048,D000049,D000053,D000076,D000164"
top_category_B,top_category,B,branch_code_B03,branch_code,B03,9,"D000091,D000127,D000128,D000129,D000150,D000188,D000190,D000191,D000192"
top_category_B,top_category,B,branch_code_B04,branch_code,B04,6,"D000011,D000229,D000256,D000259,D000260,D000261"
top_category_B,top_category,B,subbranch_code_B01.046,subbranch_code,B01.046,1,D000048
top_category_B,top_category,B,subbranch_code_B01.050,subbranch_code,B01.050,2,"D000049,D000053"
top_category_B,top_category,B,subbranch_code_B01.300,subbranch_code,B01.300,1,D000164
top_category_B,top_category,B,subbranch_code_B01.875,subbranch_code,B01.875,2,"D000045,D000076"
top_category_B,top_category,B,subbranch_code_B03.440,subbranch_code,B03.440,6,"D000091,D000127,D000128,D000129,D000150,D000188"
top_category_B,top_category,B,subbranch_code_B03.510,subbranch_code,B03.510,3,"D000190,D000191,D000192"
top_category_B,top_category,B,subbranch_code_B03.660,subbranch_code,B03.660,3,"D000091,D000150,D000188"
top_category_B,top_category,B,subbranch_code_B04.280,subbranch_code,B04.280,5,"D000229,D000256,D000259,D000260,D000261"
top_category_B,top_category,B,subbranch_code_B04.613,subbranch_code,B04.613,1,D000011
top_category_B,top_category,B,subbranch_code_B04.820,subbranch_code,B04.820,1,D000011
top_category_C,top_category,C,branch_code_A10,branch_code,A10,1,D000153
top_category_C,top_category,C,branch_code_C01,branch_code,C01,13,"D000031,D000038,D000039,D000151,D000163,D000187,D000189,D000193,D000196,D000197,D000257,D000258,D000292"
top_category_C,top_category,C,branch_code_C04,branch_code,C04,13,"D000008,D000182,D000230,D000231,D000232,D000235,D000236,D000237,D000238,D000239,D000306,D000310,D000314"
top_category_C,top_category,C,branch_code_C05,branch_code,C05,3,"D000130,D000168,D000172"
top_category_C,top_category,C,branch_code_C06,branch_code,C06,1,D000126
top_category_C,top_category,C,branch_code_C07,branch_code,C07,1,D000039
top_category_C,top_category,C,branch_code_C08,branch_code,C08,2,"D000039,D000142"
top_category_C,top_category,C,branch_code_C09,branch_code,C09,2,"D000039,D000160"
top_category_C,top_category,C,branch_code_C10,branch_code,C10,4,"D000160,D000170,D000172,D000270"
top_category_C,top_category,C,branch_code_C11,branch_code,C11,1,D000270
top_category_C,top_category,C,branch_code_C12,branch_code,C12,13,"D000022,D000026,D000027,D000030,D000031,D000033,D000034,D000037,D000141,D000163,D000291,D000292,D000312"
top_category_C,top_category,C,branch_code_C14,branch_code,C14,1,D000219
top_category_C,top_category,C,branch_code_C16,branch_code,C16,10,"D000012,D000013,D000014,D000015,D000016,D000130,D000141,D000168,D000169,D000312"
top_category_C,top_category,C,branch_code_C17,branch_code,C17,7,"D000051,D000052,D000152,D000153,D000169,D000197,D000274"
top_category_C,top_category,C,branch_code_C18,branch_code,C18,9,"D000012,D000126,D000137,D000138,D000140,D000141,D000142,D000274,D000312"
top_category_C,top_category,C,branch_code_C19,branch_code,C19,9,"D000172,D000224,D000303,D000306,D000307,D000308,D000309,D000310,D000312"
top_category_C,top_category,C,branch_code_C20,branch_code,C20,2,"D000163,D000224"
top_category_C,top_category,C,branch_code_C22,branch_code,C22,2,"D000034,D000187"
top_category_C,top_category,C,branch_code_C23,branch_code,C23,7,"D000006,D000038,D000051,D000208,D000210,D000219,D000267"
top_category_C,top_category,C,branch_code_C25,branch_code,C25,1,D000170
top_category_C,top_category,C,branch_code_C26,branch_code,C26,2,"D000007,D000016"
top_category_C,top_category,C,branch_code_G01,branch_code,G01,1,D000016
top_category_C,top_category,C,branch_code_G08,branch_code,G08,1,D000022
top_category_C,top_category,C,branch_code_N06,branch_code,N06,1,D000016
top_category_C,top_category,C,subbranch_code_A10.165,subbranch_code,A10.165,1,D000153
top_category_C,top_category,C,subbranch_code_C01.150,subbranch_code,C01.150,6,"D000151,D000187,D000189,D000193,D000196,D000197"
top_category_C,top_category,C,subbranch_code_C01.221,subbranch_code,C01.221,1,D000163
top_category_C,top_category,C,subbranch_code_C01.635,subbranch_code,C01.635,1,D000292
top_category_C,top_category,C,subbranch_code_C01.674,subbranch_code,C01.674,1,D000031
top_category_C,top_category,C,subbranch_code_C01.748,subbranch_code,C01.748,1,D000039
top_category_C,top_category,C,subbranch_code_C01.778,subbranch_code,C01.778,1,D000163
top_category_C,top_category,C,subbranch_code_C01.800,subbranch_code,C01.800,1,D000197
top_category_C,top_category,C,subbranch_code_C01.830,subbranch_code,C01.830,2,"D000038,D000039"
top_category_C,top_category,C,subbranch_code_C01.925,subbranch_code,C01.925,3,"D000163,D000257,D000258"
top_category_C,top_category,C,subbranch_code_C04.557,subbranch_code,C04.557,9,"D000230,D000231,D000232,D000235,D000236,D000237,D000238,D000239,D000314"
top_category_C,top_category,C,subbranch_code_C04.588,subbranch_code,C04.588,3,"D000008,D000306,D000310"
top_category_C,top_category,C,subbranch_code_C04.730,subbranch_code,C04.730,1,D000182
top_category_C,top_category,C,subbranch_code_C05.116,subbranch_code,C05.116,3,"D000130,D000168,D000172"
top_category_C,top_category,C,subbranch_code_C05.660,subbranch_code,C05.660,1,D000168
top_category_C,top_category,C,subbranch_code_C06.405,subbranch_code,C06.405,1,D000126
top_category_C,top_category,C,subbranch_code_C07.550,subbranch_code,C07.550,1,D000039
top_category_C,top_category,C,subbranch_code_C08.618,subbranch_code,C08.618,1,D000142
top_category_C,top_category,C,subbranch_code_C08.730,subbranch_code,C08.730,1,D000039
top_category_C,top_category,C,subbranch_code_C09.218,subbranch_code,C09.218,1,D000160
top_category_C,top_category,C,subbranch_code_C09.775,subbranch_code,C09.775,1,D000039
top_category_C,top_category,C,subbranch_code_C10.177,subbranch_code,C10.177,1,D000270
top_category_C,top_category,C,subbranch_code_C10.228,subbranch_code,C10.228,1,D000172
top_category_C,top_category,C,subbranch_code_C10.292,subbranch_code,C10.292,2,"D000160,D000270"
top_category_C,top_category,C,subbranch_code_C10.668,subbranch_code,C10.668,1,D000170
top_category_C,top_category,C,subbranch_code_C10.720,subbranch_code,C10.720,1,D000170
top_category_C,top_category,C,subbranch_code_C11.590,subbranch_code,C11.590,1,D000270
top_category_C,top_category,C,subbranch_code_C11.710,subbranch_code,C11.710,1,D000270
top_category_C,top_category,C,subbranch_code_C12.050,subbranch_code,C12.050,12,"D000022,D000026,D000027,D000030,D000031,D000033,D000034,D000037,D000141,D000291,D000292,D000312"
top_category_C,top_category,C,subbranch_code_C12.100,subbranch_code,C12.100,3,"D000163,D000291,D000292"
top_category_C,top_category,C,subbranch_code_C12.200,subbranch_code,C12.200,2,"D000141,D000312"
top_category_C,top_category,C,subbranch_code_C12.800,subbranch_code,C12.800,1,D000312
top_category_C,top_category,C,subbranch_code_C12.950,subbranch_code,C12.950,1,D000141
top_category_C,top_category,C,subbranch_code_C14.280,subbranch_code,C14.280,1,D000219
top_category_C,top_category,C,subbranch_code_C16.131,subbranch_code,C16.131,7,"D000013,D000014,D000015,D000016,D000168,D000169,D000312"
top_category_C,top_category,C,subbranch_code_C16.320,subbranch_code,C16.320,4,"D000012,D000130,D000141,D000312"
top_category_C,top_category,C,subbranch_code_C17.300,subbranch_code,C17.300,1,D000153
top_category_C,top_category,C,subbranch_code_C17.800,subbranch_code,C17.800,7,"D000051,D000052,D000152,D000153,D000169,D000197,D000274"
top_category_C,top_category,C,subbranch_code_C18.452,subbranch_code,C18.452,9,"D000012,D000126,D000137,D000138,D000140,D000141,D000142,D000274,D000312"
top_category_C,top_category,C,subbranch_code_C19.053,subbranch_code,C19.053,8,"D000224,D000303,D000306,D000307,D000308,D000309,D000310,D000312"
top_category_C,top_category,C,subbranch_code_C19.344,subbranch_code,C19.344,2,"D000306,D000310"
top_category_C,top_category,C,subbranch_code_C19.391,subbranch_code,C19.391,1,D000312
top_category_C,top_category,C,subbranch_code_C19.700,subbranch_code,C19.700,1,D000172
top_category_C,top_category,C,subbranch_code_C20.111,subbranch_code,C20.111,1,D000224
top_category_C,top_category,C,subbranch_code_C20.673,subbranch_code,C20.673,1,D000163
top_category_C,top_category,C,subbranch_code_C22.021,subbranch_code,C22.021,1,D000034
top_category_C,top_category,C,subbranch_code_C22.039,subbranch_code,C22.039,1,D000187
top_category_C,top_category,C,subbranch_code_C23.550,subbranch_code,C23.550,6,"D000038,D000051,D000208,D000210,D000219,D000267"
top_category_C,top_category,C,subbranch_code_C23.888,subbranch_code,C23.888,1,D000006
top_category_C,top_category,C,subbranch_code_C25.723,subbranch_code,C25.723,1,D000170
top_category_C,top_category,C,subbranch_code_C26.017,subbranch_code,C26.017,1,D000007
top_category_C,top_category,C,subbranch_code_C26.733,subbranch_code,C26.733,1,D000016
top_category_C,top_category,C,subbranch_code_G01.750,subbranch_code,G01.750,1,D000016
top_category_C,top_category,C,subbranch_code_G08.686,subbranch_code,G08.686,1,D000022
top_category_C,top_category,C,subbranch_code_N06.850,subbranch_code,N06.850,1,D000016
top_category_D,top_category,D,branch_code_D01,branch_code,D01,4,"D000143,D000148,D000149,D000186"
top_category_D,top_category,D,branch_code_D02,branch_code,D02,40,"D000001,D000002,D000040,D000070,D000072,D000073,D000075,D000079,D000080,D000081,D000082,D000083,D000085,D000086,D000089,D000090,D000092,D000093,D000096,D000097,D000098,D000099,D000100,D000108,D000109,D000111,D000114,D000120,D000122,D000144,D000145,D000146,D000156,D000157,D000171,D000178,D000179,D000181,D000218,D000272"
top_category_D,top_category,D,branch_code_D03,branch_code,D03,26,"D000001,D000074,D000075,D000086,D000105,D000147,D000157,D000165,D000166,D000167,D000175,D000198,D000212,D000214,D000225,D000227,D000241,D000242,D000244,D000245,D000246,D000247,D000249,D000250,D000255,D000266"
top_category_D,top_category,D,branch_code_D04,branch_code,D04,6,"D000001,D000073,D000099,D000112,D000113,D000301"
top_category_D,top_category,D,branch_code_D05,branch_code,D05,3,"D000180,D000185,D000199"
top_category_D,top_category,D,branch_code_D06,branch_code,D06,1,D000305
top_category_D,top_category,D,branch_code_D08,branch_code,D08,31,"D000036,D000084,D000094,D000095,D000101,D000102,D000103,D000104,D000105,D000106,D000110,D000115,D000118,D000121,D000123,D000135,D000154,D000176,D000214,D000216,D000217,D000228,D000243,D000248,D000251,D000252,D000254,D000262,D000263,D000264,D000265"
top_category_D,top_category,D,branch_code_D09,branch_code,D09,9,"D000112,D000113,D000116,D000117,D000119,D000198,D000245,D000246,D000247"
top_category_D,top_category,D,branch_code_D10,branch_code,D10,2,"D000085,D000301"
top_category_D,top_category,D,branch_code_D12,branch_code,D12,13,"D000036,D000095,D000111,D000119,D000185,D000199,D000205,D000209,D000213,D000226,D000252,D000254,D000262"
top_category_D,top_category,D,branch_code_D13,branch_code,D13,13,"D000105,D000214,D000227,D000241,D000242,D000244,D000245,D000246,D000247,D000249,D000250,D000255,D000266"
top_category_D,top_category,D,branch_code_D20,branch_code,D20,1,D000183
top_category_D,top_category,D,branch_code_D23,branch_code,D23,1,D000017
top_category_D,top_category,D,branch_code_D25,branch_code,D25,2,"D000149,D000180"
top_category_D,top_category,D,branch_code_D26,branch_code,D26,1,D000277
top_category_D,top_category,D,branch_code_D27,branch_code,D27,7,"D000019,D000020,D000021,D000269,D000276,D000277,D000316"
top_category_D,top_category,D,branch_code_J01,branch_code,J01,3,"D000149,D000180,D000269"
top_category_D,top_category,D,subbranch_code_D01.029,subbranch_code,D01.029,3,"D000143,D000148,D000149"
top_category_D,top_category,D,subbranch_code_D01.268,subbranch_code,D01.268,1,D000186
top_category_D,top_category,D,subbranch_code_D01.303,subbranch_code,D01.303,1,D000149
top_category_D,top_category,D,subbranch_code_D01.496,subbranch_code,D01.496,1,D000186
top_category_D,top_category,D,subbranch_code_D01.552,subbranch_code,D01.552,1,D000186
top_category_D,top_category,D,subbranch_code_D01.695,subbranch_code,D01.695,1,D000149
top_category_D,top_category,D,subbranch_code_D01.857,subbranch_code,D01.857,1,D000149
top_category_D,top_category,D,subbranch_code_D02.033,subbranch_code,D02.033,1,D000070
top_category_D,top_category,D,subbranch_code_D02.047,subbranch_code,D02.047,2,"D000079,D000171"
top_category_D,top_category,D,subbranch_code_D02.065,subbranch_code,D02.065,6,"D000081,D000082,D000083,D000092,D000099,D000178"
top_category_D,top_category,D,subbranch_code_D02.092,subbranch_code,D02.092,6,"D000070,D000082,D000083,D000108,D000109,D000122"
top_category_D,top_category,D,subbranch_code_D02.113,subbranch_code,D02.113,1,D000089
top_category_D,top_category,D,subbranch_code_D02.241,subbranch_code,D02.241,15,"D000040,D000081,D000085,D000089,D000090,D000099,D000100,D000120,D000144,D000145,D000146,D000156,D000178,D000179,D000272"
top_category_D,top_category,D,subbranch_code_D02.355,subbranch_code,D02.355,2,"D000001,D000080"
top_category_D,top_category,D,subbranch_code_D02.455,subbranch_code,D02.455,9,"D000040,D000073,D000092,D000099,D000100,D000114,D000120,D000157,D000218"
top_category_D,top_category,D,subbranch_code_D02.522,subbranch_code,D02.522,4,"D000090,D000093,D000096,D000098"
top_category_D,top_category,D,subbranch_code_D02.540,subbranch_code,D02.540,1,D000001
top_category_D,top_category,D,subbranch_code_D02.626,subbranch_code,D02.626,2,"D000097,D000181"
top_category_D,top_category,D,subbranch_code_D02.675,subbranch_code,D02.675,1,D000122
top_category_D,top_category,D,subbranch_code_D02.705,subbranch_code,D02.705,1,D000002
top_category_D,top_category,D,subbranch_code_D02.886,subbranch_code,D02.886,7,"D000002,D000072,D000075,D000086,D000092,D000111,D000122"
top_category_D,top_category,D,subbranch_code_D03.066,subbranch_code,D03.066,1,D000147
top_category_D,top_category,D,subbranch_code_D03.132,subbranch_code,D03.132,2,"D000157,D000175"
top_category_D,top_category,D,subbranch_code_D03.383,subbranch_code,D03.383,3,"D000074,D000086,D000198"
top_category_D,top_category,D,subbranch_code_D03.633,subbranch_code,D03.633,23,"D000001,D000074,D000075,D000105,D000165,D000166,D000167,D000175,D000198,D000212,D000214,D000225,D000227,D000241,D000242,D000244,D000245,D000246,D000247,D000249,D000250,D000255,D000266"
top_category_D,top_category,D,subbranch_code_D04.210,subbranch_code,D04.210,3,"D000112,D000113,D000301"
top_category_D,top_category,D,subbranch_code_D04.345,subbranch_code,D04.345,1,D000001
top_category_D,top_category,D,subbranch_code_D04.615,subbranch_code,D04.615,2,"D000073,D000099"
top_category_D,top_category,D,subbranch_code_D05.750,subbranch_code,D05.750,3,"D000180,D000185,D000199"
top_category_D,top_category,D,subbranch_code_D06.472,subbranch_code,D06.472,1,D000305
top_category_D,top_category,D,subbranch_code_D08.211,subbranch_code,D08.211,2,"D000105,D000214"
top_category_D,top_category,D,subbranch_code_D08.811,subbranch_code,D08.811,29,"D000036,D000084,D000094,D000095,D000101,D000102,D000103,D000104,D000106,D000110,D000115,D000118,D000121,D000123,D000135,D000154,D000176,D000216,D000217,D000228,D000243,D000248,D000251,D000252,D000254,D000262,D000263,D000264,D000265"
top_category_D,top_category,D,subbranch_code_D09.067,subbranch_code,D09.067,3,"D000116,D000117,D000119"
top_category_D,top_category,D,subbranch_code_D09.408,subbranch_code,D09.408,6,"D000112,D000113,D000198,D000245,D000246,D000247"
top_category_D,top_category,D,subbranch_code_D09.811,subbranch_code,D09.811,1,D000119
top_category_D,top_category,D,subbranch_code_D10.251,subbranch_code,D10.251,1,D000085
top_category_D,top_category,D,subbranch_code_D10.570,subbranch_code,D10.570,1,D000301
top_category_D,top_category,D,subbranch_code_D12.125,subbranch_code,D12.125,1,D000111
top_category_D,top_category,D,subbranch_code_D12.644,subbranch_code,D12.644,1,D000119
top_category_D,top_category,D,subbranch_code_D12.776,subbranch_code,D12.776,11,"D000036,D000095,D000185,D000199,D000205,D000209,D000213,D000226,D000252,D000254,D000262"
top_category_D,top_category,D,subbranch_code_D13.570,subbranch_code,D13.570,1,D000241
top_category_D,top_category,D,subbranch_code_D13.695,subbranch_code,D13.695,12,"D000105,D000214,D000227,D000242,D000244,D000245,D000246,D000247,D000249,D000250,D000255,D000266"
top_category_D,top_category,D,subbranch_code_D20.777,subbranch_code,D20.777,1,D000183
top_category_D,top_category,D,subbranch_code_D23.050,subbranch_code,D23.050,1,D000017
top_category_D,top_category,D,subbranch_code_D25.223,subbranch_code,D25.223,1,D000149
top_category_D,top_category,D,subbranch_code_D25.720,subbranch_code,D25.720,1,D000180
top_category_D,top_category,D,subbranch_code_D26.650,subbranch_code,D26.650,1,D000277
top_category_D,top_category,D,subbranch_code_D27.505,subbranch_code,D27.505,5,"D000019,D000020,D000021,D000276,D000316"
top_category_D,top_category,D,subbranch_code_D27.720,subbranch_code,D27.720,2,"D000269,D000277"
top_category_D,top_category,D,subbranch_code_J01.637,subbranch_code,J01.637,3,"D000149,D000180,D000269"
top_category_E,top_category,E,branch_code_E01,branch_code,E01,2,"D000158,D000304"
top_category_E,top_category,E,branch_code_E02,branch_code,E02,12,"D000161,D000203,D000278,D000279,D000280,D000281,D000282,D000283,D000284,D000285,D000286,D000287"
top_category_E,top_category,E,branch_code_E04,branch_code,E04,6,"D000025,D000028,D000029,D000032,D000233,D000315"
top_category_E,top_category,E,branch_code_E05,branch_code,E05,3,"D000161,D000201,D000206"
top_category_E,top_category,E,branch_code_E06,branch_code,E06,3,"D000044,D000134,D000202"
top_category_E,top_category,E,branch_code_E07,branch_code,E07,1,D000044
top_category_E,top_category,E,branch_code_I03,branch_code,I03,1,D000203
top_category_E,top_category,E,branch_code_N02,branch_code,N02,1,D000203
top_category_E,top_category,E,branch_code_N05,branch_code,N05,1,D000206
top_category_E,top_category,E,branch_code_N06,branch_code,N06,1,D000206
top_category_E,top_category,E,subbranch_code_E01.370,subbranch_code,E01.370,2,"D000158,D000304"
top_category_E,top_category,E,subbranch_code_E02.037,subbranch_code,E02.037,1,D000161
top_category_E,top_category,E,subbranch_code_E02.190,subbranch_code,E02.190,1,D000161
top_category_E,top_category,E,subbranch_code_E02.319,subbranch_code,E02.319,10,"D000278,D000279,D000280,D000281,D000282,D000283,D000284,D000285,D000286,D000287"
top_category_E,top_category,E,subbranch_code_E02.760,subbranch_code,E02.760,1,D000203
top_category_E,top_category,E,subbranch_code_E02.831,subbranch_code,E02.831,1,D000203
top_category_E,top_category,E,subbranch_code_E04.270,subbranch_code,E04.270,1,D000315
top_category_E,top_category,E,subbranch_code_E04.520,subbranch_code,E04.520,4,"D000025,D000028,D000029,D000032"
top_category_E,top_category,E,subbranch_code_E04.580,subbranch_code,E04.580,1,D000233
top_category_E,top_category,E,subbranch_code_E05.196,subbranch_code,E05.196,1,D000201
top_category_E,top_category,E,subbranch_code_E05.318,subbranch_code,E05.318,1,D000206
top_category_E,top_category,E,subbranch_code_E05.723,subbranch_code,E05.723,1,D000161
top_category_E,top_category,E,subbranch_code_E06.658,subbranch_code,E06.658,1,D000202
top_category_E,top_category,E,subbranch_code_E06.780,subbranch_code,E06.780,1,D000044
top_category_E,top_category,E,subbranch_code_E06.931,subbranch_code,E06.931,1,D000134
top_category_E,top_category,E,subbranch_code_E07.695,subbranch_code,E07.695,1,D000044
top_category_E,top_category,E,subbranch_code_I03.050,subbranch_code,I03.050,1,D000203
top_category_E,top_category,E,subbranch_code_N02.421,subbranch_code,N02.421,1,D000203
top_category_E,top_category,E,subbranch_code_N05.715,subbranch_code,N05.715,1,D000206
top_category_E,top_category,E,subbranch_code_N06.850,subbranch_code,N06.850,1,D000206
top_category_F,top_category,F,branch_code_F01,branch_code,F01,5,"D000057,D000124,D000184,D000223,D000294"
top_category_F,top_category,F,branch_code_F02,branch_code,F02,2,"D000041,D000124"
top_category_F,top_category,F,branch_code_F03,branch_code,F03,1,D000275
top_category_F,top_category,F,branch_code_F04,branch_code,F04,3,"D000035,D000296,D000297"
top_category_F,top_category,F,branch_code_H02,branch_code,H02,1,D000296
top_category_F,top_category,F,subbranch_code_F01.058,subbranch_code,F01.058,1,D000223
top_category_F,top_category,F,subbranch_code_F01.145,subbranch_code,F01.145,2,"D000057,D000294"
top_category_F,top_category,F,subbranch_code_F01.393,subbranch_code,F01.393,1,D000184
top_category_F,top_category,F,subbranch_code_F01.658,subbranch_code,F01.658,1,D000124
top_category_F,top_category,F,subbranch_code_F02.784,subbranch_code,F02.784,2,"D000041,D000124"
top_category_F,top_category,F,subbranch_code_F03.950,subbranch_code,F03.950,1,D000275
top_category_F,top_category,F,subbranch_code_F04.096,subbranch_code,F04.096,2,"D000296,D000297"
top_category_F,top_category,F,subbranch_code_F04.754,subbranch_code,F04.754,1,D000035
top_category_F,top_category,F,subbranch_code_H02.403,subbranch_code,H02.403,1,D000296
top_category_G,top_category,G,branch_code_C12,branch_code,C12,1,D000022
top_category_G,top_category,G,branch_code_C16,branch_code,C16,1,D000016
top_category_G,top_category,G,branch_code_C26,branch_code,C26,1,D000016
top_category_G,top_category,G,branch_code_G01,branch_code,G01,3,"D000016,D000042,D000054"
top_category_G,top_category,G,branch_code_G02,branch_code,G02,5,"D000042,D000107,D000136,D000215,D000268"
top_category_G,top_category,G,branch_code_G03,branch_code,G03,4,"D000042,D000107,D000136,D000215"
top_category_G,top_category,G,branch_code_G04,branch_code,G04,1,D000200
top_category_G,top_category,G,branch_code_G07,branch_code,G07,6,"D000042,D000064,D000136,D000200,D000204,D000222"
top_category_G,top_category,G,branch_code_G08,branch_code,G08,1,D000022
top_category_G,top_category,G,branch_code_G09,branch_code,G09,1,D000136
top_category_G,top_category,G,branch_code_G11,branch_code,G11,1,D000200
top_category_G,top_category,G,branch_code_G14,branch_code,G14,2,"D000065,D000221"
top_category_G,top_category,G,branch_code_G16,branch_code,G16,3,"D000064,D000220,D000222"
top_category_G,top_category,G,branch_code_N06,branch_code,N06,1,D000016
top_category_G,top_category,G,subbranch_code_C12.050,subbranch_code,C12.050,1,D000022
top_category_G,top_category,G,subbranch_code_C16.131,subbranch_code,C16.131,1,D000016
top_category_G,top_category,G,subbranch_code_C26.733,subbranch_code,C26.733,1,D000016
top_category_G,top_category,G,subbranch_code_G01.015,subbranch_code,G01.015,1,D000042
top_category_G,top_category,G,subbranch_code_G01.482,subbranch_code,G01.482,1,D000054
top_category_G,top_category,G,subbranch_code_G01.750,subbranch_code,G01.750,1,D000016
top_category_G,top_category,G,subbranch_code_G02.010,subbranch_code,G02.010,1,D000042
top_category_G,top_category,G,subbranch_code_G02.111,subbranch_code,G02.111,3,"D000107,D000136,D000215"
top_category_G,top_category,G,subbranch_code_G02.300,subbranch_code,G02.300,1,D000136
top_category_G,top_category,G,subbranch_code_G02.607,subbranch_code,G02.607,2,"D000107,D000215"
top_category_G,top_category,G,subbranch_code_G02.860,subbranch_code,G02.860,1,D000268
top_category_G,top_category,G,subbranch_code_G03.015,subbranch_code,G03.015,1,D000042
top_category_G,top_category,G,subbranch_code_G03.030,subbranch_code,G03.030,1,D000136
top_category_G,top_category,G,subbranch_code_G03.040,subbranch_code,G03.040,2,"D000107,D000215"
top_category_G,top_category,G,subbranch_code_G03.787,subbranch_code,G03.787,1,D000042
top_category_G,top_category,G,subbranch_code_G04.580,subbranch_code,G04.580,1,D000200
top_category_G,top_category,G,subbranch_code_G07.025,subbranch_code,G07.025,2,"D000064,D000222"
top_category_G,top_category,G,subbranch_code_G07.180,subbranch_code,G07.180,1,D000204
top_category_G,top_category,G,subbranch_code_G07.265,subbranch_code,G07.265,1,D000200
top_category_G,top_category,G,subbranch_code_G07.410,subbranch_code,G07.410,1,D000136
top_category_G,top_category,G,subbranch_code_G07.690,subbranch_code,G07.690,1,D000042
top_category_G,top_category,G,subbranch_code_G08.686,subbranch_code,G08.686,1,D000022
top_category_G,top_category,G,subbranch_code_G09.188,subbranch_code,G09.188,1,D000136
top_category_G,top_category,G,subbranch_code_G11.561,subbranch_code,G11.561,1,D000200
top_category_G,top_category,G,subbranch_code_G14.010,subbranch_code,G14.010,1,D000065
top_category_G,top_category,G,subbranch_code_G14.020,subbranch_code,G14.020,1,D000221
top_category_G,top_category,G,subbranch_code_G16.012,subbranch_code,G16.012,3,"D000064,D000220,D000222"
top_category_G,top_category,G,subbranch_code_N06.850,subbranch_code,N06.850,1,D000016
top_category_H,top_category,H,branch_code_F04,branch_code,F04,1,D000296
top_category_H,top_category,H,branch_code_H01,branch_code,H01,1,D000162
top_category_H,top_category,H,branch_code_H02,branch_code,H02,2,"D000295,D000296"
top_category_H,top_category,H,subbranch_code_F04.096,subbranch_code,F04.096,1,D000296
top_category_H,top_category,H,subbranch_code_H01.671,subbranch_code,H01.671,1,D000162
top_category_H,top_category,H,subbranch_code_H02.403,subbranch_code,H02.403,2,"D000295,D000296"
top_category_I,top_category,I,branch_code_E02,branch_code,E02,1,D000203
top_category_I,top_category,I,branch_code_I01,branch_code,I01,3,"D000024,D000069,D000300"
top_category_I,top_category,I,branch_code_I03,branch_code,I03,1,D000203
top_category_I,top_category,I,branch_code_N02,branch_code,N02,1,D000203
top_category_I,top_category,I,subbranch_code_E02.760,subbranch_code,E02.760,1,D000203
top_category_I,top_category,I,subbranch_code_E02.831,subbranch_code,E02.831,1,D000203
top_category_I,top_category,I,subbranch_code_I01.076,subbranch_code,I01.076,1,D000069
top_category_I,top_category,I,subbranch_code_I01.198,subbranch_code,I01.198,1,D000024
top_category_I,top_category,I,subbranch_code_I01.880,subbranch_code,I01.880,2,"D000069,D000300"
top_category_I,top_category,I,subbranch_code_I03.050,subbranch_code,I03.050,1,D000203
top_category_I,top_category,I,subbranch_code_N02.421,subbranch_code,N02.421,1,D000203
top_category_J,top_category,J,branch_code_D01,branch_code,D01,1,D000149
top_category_J,top_category,J,branch_code_D05,branch_code,D05,1,D000180
top_category_J,top_category,J,branch_code_D25,branch_code,D25,2,"D000149,D000180"
top_category_J,top_category,J,branch_code_D27,branch_code,D27,1,D000269
top_category_J,top_category,J,branch_code_J01,branch_code,J01,4,"D000003,D000149,D000180,D000269"
top_category_J,top_category,J,branch_code_J03,branch_code,J03,1,D000003
top_category_J,top_category,J,subbranch_code_D01.029,subbranch_code,D01.029,1,D000149
top_category_J,top_category,J,subbranch_code_D01.303,subbranch_code,D01.303,1,D000149
top_category_J,top_category,J,subbranch_code_D01.695,subbranch_code,D01.695,1,D000149
top_category_J,top_category,J,subbranch_code_D01.857,subbranch_code,D01.857,1,D000149
top_category_J,top_category,J,subbranch_code_D05.750,subbranch_code,D05.750,1,D000180
top_category_J,top_category,J,subbranch_code_D25.223,subbranch_code,D25.223,1,D000149
top_category_J,top_category,J,subbranch_code_D25.720,subbranch_code,D25.720,1,D000180
top_category_J,top_category,J,subbranch_code_D27.720,subbranch_code,D27.720,1,D000269
top_category_J,top_category,J,subbranch_code_J01.576,subbranch_code,J01.576,1,D000003
top_category_J,top_category,J,subbranch_code_J01.637,subbranch_code,J01.637,3,"D000149,D000180,D000269"
top_category_J,top_category,J,subbranch_code_J03.540,subbranch_code,J03.540,1,D000003
top_category_L,top_category,L,branch_code_L01,branch_code,L01,2,"D000004,D000043"
top_category_L,top_category,L,subbranch_code_L01.462,subbranch_code,L01.462,1,D000043
top_category_L,top_category,L,subbranch_code_L01.559,subbranch_code,L01.559,1,D000004
top_category_M,top_category,M,branch_code_M01,branch_code,M01,5,"D000023,D000288,D000293,D000298,D000299"
top_category_M,top_category,M,subbranch_code_M01.050,subbranch_code,M01.050,1,D000023
top_category_M,top_category,M,subbranch_code_M01.060,subbranch_code,M01.060,1,D000293
top_category_M,top_category,M,subbranch_code_M01.526,subbranch_code,M01.526,1,D000288
top_category_M,top_category,M,subbranch_code_M01.643,subbranch_code,M01.643,2,"D000298,D000299"
top_category_N,top_category,N,branch_code_C16,branch_code,C16,1,D000016
top_category_N,top_category,N,branch_code_C26,branch_code,C26,1,D000016
top_category_N,top_category,N,branch_code_E02,branch_code,E02,1,D000203
top_category_N,top_category,N,branch_code_E05,branch_code,E05,1,D000206
top_category_N,top_category,N,branch_code_G01,branch_code,G01,1,D000016
top_category_N,top_category,N,branch_code_I03,branch_code,I03,1,D000203
top_category_N,top_category,N,branch_code_N02,branch_code,N02,3,"D000046,D000203,D000289"
top_category_N,top_category,N,branch_code_N03,branch_code,N03,4,"D000047,D000066,D000067,D000068"
top_category_N,top_category,N,branch_code_N04,branch_code,N04,1,D000289
top_category_N,top_category,N,branch_code_N05,branch_code,N05,2,"D000068,D000206"
top_category_N,top_category,N,branch_code_N06,branch_code,N06,9,"D000016,D000056,D000058,D000059,D000060,D000061,D000062,D000063,D000206"
top_category_N,top_category,N,subbranch_code_C16.131,subbranch_code,C16.131,1,D000016
top_category_N,top_category,N,subbranch_code_C26.733,subbranch_code,C26.733,1,D000016
top_category_N,top_category,N,subbranch_code_E02.760,subbranch_code,E02.760,1,D000203
top_category_N,top_category,N,subbranch_code_E02.831,subbranch_code,E02.831,1,D000203
top_category_N,top_category,N,subbranch_code_E05.318,subbranch_code,E05.318,1,D000206
top_category_N,top_category,N,subbranch_code_G01.750,subbranch_code,G01.750,1,D000016
top_category_N,top_category,N,subbranch_code_I03.050,subbranch_code,I03.050,1,D000203
top_category_N,top_category,N,subbranch_code_N02.278,subbranch_code,N02.278,2,"D000046,D000289"
top_category_N,top_category,N,subbranch_code_N02.421,subbranch_code,N02.421,1,D000203
top_category_N,top_category,N,subbranch_code_N03.219,subbranch_code,N03.219,2,"D000066,D000067"
top_category_N,top_category,N,subbranch_code_N03.540,subbranch_code,N03.540,1,D000047
top_category_N,top_category,N,subbranch_code_N03.706,subbranch_code,N03.706,1,D000068
top_category_N,top_category,N,subbranch_code_N04.452,subbranch_code,N04.452,1,D000289
top_category_N,top_category,N,subbranch_code_N05.700,subbranch_code,N05.700,1,D000068
top_category_N,top_category,N,subbranch_code_N05.715,subbranch_code,N05.715,1,D000206
top_category_N,top_category,N,subbranch_code_N06.850,subbranch_code,N06.850,9,"D000016,D000056,D000058,D000059,D000060,D000061,D000062,D000063,D000206"
branch_code_A01,branch_code,A01,subbranch_code_A01.923,subbranch_code,A01.923,1,D000005
branch_code_A02,branch_code,A02,subbranch_code_A02.633,subbranch_code,A02.633,1,D000009
branch_code_A02,branch_code,A02,subbranch_code_A02.835,subbranch_code,A02.835,3,"D000077,D000173,D000174"
branch_code_A02,branch_code,A02,subbranch_code_A02.880,subbranch_code,A02.880,1,D000125
branch_code_A04,branch_code,A04,subbranch_code_A04.623,subbranch_code,A04.623,1,D000234
branch_code_A04,branch_code,A04,subbranch_code_A10.549,subbranch_code,A10.549,1,D000234
branch_code_A04,branch_code,A04,subbranch_code_A14.724,subbranch_code,A14.724,1,D000234
branch_code_A04,branch_code,A04,subbranch_code_A15.382,subbranch_code,A15.382,1,D000234
branch_code_A05,branch_code,A05,subbranch_code_A05.360,subbranch_code,A05.360,2,"D000177,D000290"
branch_code_A05,branch_code,A05,subbranch_code_A11.284,subbranch_code,A11.284,1,D000177
branch_code_A05,branch_code,A05,subbranch_code_A11.497,subbranch_code,A11.497,1,D000177
branch_code_A06,branch_code,A06,subbranch_code_A06.300,subbranch_code,A06.300,3,"D000302,D000311,D000313"
branch_code_A08,branch_code,A08,subbranch_code_A08.800,subbranch_code,A08.800,3,"D000010,D000055,D000159"
branch_code_A10,branch_code,A10,subbranch_code_A04.623,subbranch_code,A04.623,1,D000234
branch_code_A10,branch_code,A10,subbranch_code_A10.165,subbranch_code,A10.165,2,"D000153,D000273"
branch_code_A10,branch_code,A10,subbranch_code_A10.549,subbranch_code,A10.549,1,D000234
branch_code_A10,branch_code,A10,subbranch_code_A14.724,subbranch_code,A14.724,1,D000234
branch_code_A10,branch_code,A10,subbranch_code_A15.382,subbranch_code,A15.382,1,D000234
branch_code_A10,branch_code,A10,subbranch_code_C17.300,subbranch_code,C17.300,1,D000153
branch_code_A10,branch_code,A10,subbranch_code_C17.800,subbranch_code,C17.800,1,D000153
branch_code_A11,branch_code,A11,subbranch_code_A05.360,subbranch_code,A05.360,1,D000177
branch_code_A11,branch_code,A11,subbranch_code_A11.118,subbranch_code,A11.118,1,D000050
branch_code_A11,branch_code,A11,subbranch_code_A11.284,subbranch_code,A11.284,1,D000177
branch_code_A11,branch_code,A11,subbranch_code_A11.443,subbranch_code,A11.443,1,D000050
branch_code_A11,branch_code,A11,subbranch_code_A11.497,subbranch_code,A11.497,1,D000177
branch_code_A11,branch_code,A11,subbranch_code_A15.145,subbranch_code,A15.145,1,D000050
branch_code_A13,branch_code,A13,subbranch_code_A13.869,subbranch_code,A13.869,1,D000018
branch_code_A14,branch_code,A14,subbranch_code_A04.623,subbranch_code,A04.623,1,D000234
branch_code_A14,branch_code,A14,subbranch_code_A10.549,subbranch_code,A10.549,1,D000234
branch_code_A14,branch_code,A14,subbranch_code_A14.724,subbranch_code,A14.724,1,D000234
branch_code_A14,branch_code,A14,subbranch_code_A15.382,subbranch_code,A15.382,1,D000234
branch_code_A15,branch_code,A15,subbranch_code_A04.623,subbranch_code,A04.623,1,D000234
branch_code_A15,branch_code,A15,subbranch_code_A10.549,subbranch_code,A10.549,1,D000234
branch_code_A15,branch_code,A15,subbranch_code_A11.118,subbranch_code,A11.118,1,D000050
branch_code_A15,branch_code,A15,subbranch_code_A11.443,subbranch_code,A11.443,1,D000050
branch_code_A15,branch_code,A15,subbranch_code_A14.724,subbranch_code,A14.724,1,D000234
branch_code_A15,branch_code,A15,subbranch_code_A15.145,subbranch_code,A15.145,1,D000050
branch_code_A15,branch_code,A15,subbranch_code_A15.382,subbranch_code,A15.382,1,D000234
branch_code_B01,branch_code,B01,subbranch_code_B01.046,subbranch_code,B01.046,1,D000048
branch_code_B01,branch_code,B01,subbranch_code_B01.050,subbranch_code,B01.050,2,"D000049,D000053"
branch_code_B01,branch_code,B01,subbranch_code_B01.300,subbranch_code,B01.300,1,D000164
branch_code_B01,branch_code,B01,subbranch_code_B01.875,subbranch_code,B01.875,2,"D000045,D000076"
branch_code_B03,branch_code,B03,subbranch_code_B03.440,subbranch_code,B03.440,6,"D000091,D000127,D000128,D000129,D000150,D000188"
branch_code_B03,branch_code,B03,subbranch_code_B03.510,subbranch_code,B03.510,3,"D000190,D000191,D000192"
branch_code_B03,branch_code,B03,subbranch_code_B03.660,subbranch_code,B03.660,3,"D000091,D000150,D000188"
branch_code_B04,branch_code,B04,subbranch_code_B04.280,subbranch_code,B04.280,5,"D000229,D000256,D000259,D000260,D000261"
branch_code_B04,branch_code,B04,subbranch_code_B04.613,subbranch_code,B04.613,1,D000011
branch_code_B04,branch_code,B04,subbranch_code_B04.820,subbranch_code,B04.820,1,D000011
branch_code_C01,branch_code,C01,subbranch_code_C01.150,subbranch_code,C01.150,6,"D000151,D000187,D000189,D000193,D000196,D000197"
branch_code_C01,branch_code,C01,subbranch_code_C01.221,subbranch_code,C01.221,1,D000163
branch_code_C01,branch_code,C01,subbranch_code_C01.635,subbranch_code,C01.635,1,D000292
branch_code_C01,branch_code,C01,subbranch_code_C01.674,subbranch_code,C01.674,1,D000031
branch_code_C01,branch_code,C01,subbranch_code_C01.748,subbranch_code,C01.748,1,D000039
branch_code_C01,branch_code,C01,subbranch_code_C01.778,subbranch_code,C01.778,1,D000163
branch_code_C01,branch_code,C01,subbranch_code_C01.800,subbranch_code,C01.800,1,D000197
branch_code_C01,branch_code,C01,subbranch_code_C01.830,subbranch_code,C01.830,2,"D000038,D000039"
branch_code_C01,branch_code,C01,subbranch_code_C01.925,subbranch_code,C01.925,3,"D000163,D000257,D000258"
branch_code_C01,branch_code,C01,subbranch_code_C07.550,subbranch_code,C07.550,1,D000039
branch_code_C01,branch_code,C01,subbranch_code_C08.730,subbranch_code,C08.730,1,D000039
branch_code_C01,branch_code,C01,subbranch_code_C09.775,subbranch_code,C09.775,1,D000039
branch_code_C01,branch_code,C01,subbranch_code_C12.050,subbranch_code,C12.050,2,"D000031,D000292"
branch_code_C01,branch_code,C01,subbranch_code_C12.100,subbranch_code,C12.100,2,"D000163,D000292"
branch_code_C01,branch_code,C01,subbranch_code_C17.800,subbranch_code,C17.800,1,D000197
branch_code_C01,branch_code,C01,subbranch_code_C20.673,subbranch_code,C20.673,1,D000163
branch_code_C01,branch_code,C01,subbranch_code_C22.039,subbranch_code,C22.039,1,D000187
branch_code_C01,branch_code,C01,subbranch_code_C23.550,subbranch_code,C23.550,1,D000038
branch_code_C04,branch_code,C04,subbranch_code_C04.557,subbranch_code,C04.557,9,"D000230,D000231,D000232,D000235,D000236,D000237,D000238,D000239,D000314"
branch_code_C04,branch_code,C04,subbranch_code_C04.588,subbranch_code,C04.588,3,"D000008,D000306,D000310"
branch_code_C04,branch_code,C04,subbranch_code_C04.730,subbranch_code,C04.730,1,D000182
branch_code_C04,branch_code,C04,subbranch_code_C19.053,subbranch_code,C19.053,2,"D000306,D000310"
branch_code_C04,branch_code,C04,subbranch_code_C19.344,subbranch_code,C19.344,2,"D000306,D000310"
branch_code_C05,branch_code,C05,subbranch_code_C05.116,subbranch_code,C05.116,3,"D000130,D000168,D000172"
branch_code_C05,branch_code,C05,subbranch_code_C05.660,subbranch_code,C05.660,1,D000168
branch_code_C05,branch_code,C05,subbranch_code_C10.228,subbranch_code,C10.228,1,D000172
branch_code_C05,branch_code,C05,subbranch_code_C16.131,subbranch_code,C16.131,1,D000168
branch_code_C05,branch_code,C05,subbranch_code_C16.320,subbranch_code,C16.320,1,D000130
branch_code_C05,branch_code,C05,subbranch_code_C19.700,subbranch_code,C19.700,1,D000172
branch_code_C06,branch_code,C06,subbranch_code_C06.405,subbranch_code,C06.405,1,D000126
branch_code_C06,branch_code,C06,subbranch_code_C18.452,subbranch_code,C18.452,1,D000126
branch_code_C07,branch_code,C07,subbranch_code_C01.748,subbranch_code,C01.748,1,D000039
branch_code_C07,branch_code,C07,subbranch_code_C01.830,subbranch_code,C01.830,1,D000039
branch_code_C07,branch_code,C07,subbranch_code_C07.550,subbranch_code,C07.550,1,D000039
branch_code_C07,branch_code,C07,subbranch_code_C08.730,subbranch_code,C08.730,1,D000039
branch_code_C07,branch_code,C07,subbranch_code_C09.775,subbranch_code,C09.775,1,D000039
branch_code_C08,branch_code,C08,subbranch_code_C01.748,subbranch_code,C01.748,1,D000039
branch_code_C08,branch_code,C08,subbranch_code_C01.830,subbranch_code,C01.830,1,D000039
branch_code_C08,branch_code,C08,subbranch_code_C07.550,subbranch_code,C07.550,1,D000039
branch_code_C08,branch_code,C08,subbranch_code_C08.618,subbranch_code,C08.618,1,D000142
branch_code_C08,branch_code,C08,subbranch_code_C08.730,subbranch_code,C08.730,1,D000039
branch_code_C08,branch_code,C08,subbranch_code_C09.775,subbranch_code,C09.775,1,D000039
branch_code_C08,branch_code,C08,subbranch_code_C18.452,subbranch_code,C18.452,1,D000142
branch_code_C09,branch_code,C09,subbranch_code_C01.748,subbranch_code,C01.748,1,D000039
branch_code_C09,branch_code,C09,subbranch_code_C01.830,subbranch_code,C01.830,1,D000039
branch_code_C09,branch_code,C09,subbranch_code_C07.550,subbranch_code,C07.550,1,D000039
branch_code_C09,branch_code,C09,subbranch_code_C08.730,subbranch_code,C08.730,1,D000039
branch_code_C09,branch_code,C09,subbranch_code_C09.218,subbranch_code,C09.218,1,D000160
branch_code_C09,branch_code,C09,subbranch_code_C09.775,subbranch_code,C09.775,1,D000039
branch_code_C09,branch_code,C09,subbranch_code_C10.292,subbranch_code,C10.292,1,D000160
branch_code_C10,branch_code,C10,subbranch_code_C05.116,subbranch_code,C05.116,1,D000172
branch_code_C10,branch_code,C10,subbranch_code_C09.218,subbranch_code,C09.218,1,D000160
branch_code_C10,branch_code,C10,subbranch_code_C10.177,subbranch_code,C10.177,1,D000270
branch_code_C10,branch_code,C10,subbranch_code_C10.228,subbranch_code,C10.228,1,D000172
branch_code_C10,branch_code,C10,subbranch_code_C10.292,subbranch_code,C10.292,2,"D000160,D000270"
branch_code_C10,branch_code,C10,subbranch_code_C10.668,subbranch_code,C10.668,1,D000170
branch_code_C10,branch_code,C10,subbranch_code_C10.720,subbranch_code,C10.720,1,D000170
branch_code_C10,branch_code,C10,subbranch_code_C11.590,subbranch_code,C11.590,1,D000270
branch_code_C10,branch_code,C10,subbranch_code_C11.710,subbranch_code,C11.710,1,D000270
branch_code_C10,branch_code,C10,subbranch_code_C19.700,subbranch_code,C19.700,1,D000172
branch_code_C10,branch_code,C10,subbranch_code_C25.723,subbranch_code,C25.723,1,D000170
branch_code_C11,branch_code,C11,subbranch_code_C10.177,subbranch_code,C10.177,1,D000270
branch_code_C11,branch_code,C11,subbranch_code_C10.292,subbranch_code,C10.292,1,D000270
branch_code_C11,branch_code,C11,subbranch_code_C11.590,subbranch_code,C11.590,1,D000270
branch_code_C11,branch_code,C11,subbranch_code_C11.710,subbranch_code,C11.710,1,D000270
branch_code_C12,branch_code,C12,subbranch_code_C01.221,subbranch_code,C01.221,1,D000163
branch_code_C12,branch_code,C12,subbranch_code_C01.635,subbranch_code,C01.635,1,D000292
branch_code_C12,branch_code,C12,subbranch_code_C01.674,subbranch_code,C01.674,1,D000031
branch_code_C12,branch_code,C12,subbranch_code_C01.778,subbranch_code,C01.778,1,D000163
branch_code_C12,branch_code,C12,subbranch_code_C01.925,subbranch_code,C01.925,1,D000163
branch_code_C12,branch_code,C12,subbranch_code_C12.050,subbranch_code,C12.050,12,"D000022,D000026,D000027,D000030,D000031,D000033,D000034,D000037,D000141,D000291,D000292,D000312"
branch_code_C12,branch_code,C12,subbranch_code_C12.100,subbranch_code,C12.100,3,"D000163,D000291,D000292"
branch_code_C12,branch_code,C12,subbranch_code_C12.200,subbranch_code,C12.200,2,"D000141,D000312"
branch_code_C12,branch_code,C12,subbranch_code_C12.800,subbranch_code,C12.800,1,D000312
branch_code_C12,branch_code,C12,subbranch_code_C12.950,subbranch_code,C12.950,1,D000141
branch_code_C12,branch_code,C12,subbranch_code_C16.131,subbranch_code,C16.131,1,D000312
branch_code_C12,branch_code,C12,subbranch_code_C16.320,subbranch_code,C16.320,2,"D000141,D000312"
branch_code_C12,branch_code,C12,subbranch_code_C18.452,subbranch_code,C18.452,2,"D000141,D000312"
branch_code_C12,branch_code,C12,subbranch_code_C19.053,subbranch_code,C19.053,1,D000312
branch_code_C12,branch_code,C12,subbranch_code_C19.391,subbranch_code,C19.391,1,D000312
branch_code_C12,branch_code,C12,subbranch_code_C20.673,subbranch_code,C20.673,1,D000163
branch_code_C12,branch_code,C12,subbranch_code_C22.021,subbranch_code,C22.021,1,D000034
branch_code_C12,branch_code,C12,subbranch_code_G08.686,subbranch_code,G08.686,1,D000022
branch_code_C14,branch_code,C14,subbranch_code_C14.280,subbranch_code,C14.280,1,D000219
branch_code_C14,branch_code,C14,subbranch_code_C23.550,subbranch_code,C23.550,1,D000219
branch_code_C16,branch_code,C16,subbranch_code_C05.116,subbranch_code,C05.116,2,"D000130,D000168"
branch_code_C16,branch_code,C16,subbranch_code_C05.660,subbranch_code,C05.660,1,D000168
branch_code_C16,branch_code,C16,subbranch_code_C12.050,subbranch_code,C12.050,2,"D000141,D000312"
branch_code_C16,branch_code,C16,subbranch_code_C12.200,subbranch_code,C12.200,2,"D000141,D000312"
branch_code_C16,branch_code,C16,subbranch_code_C12.800,subbranch_code,C12.800,1,D000312
branch_code_C16,branch_code,C16,subbranch_code_C12.950,subbranch_code,C12.950,1,D000141
branch_code_C16,branch_code,C16,subbranch_code_C16.131,subbranch_code,C16.131,7,"D000013,D000014,D000015,D000016,D000168,D000169,D000312"
branch_code_C16,branch_code,C16,subbranch_code_C16.320,subbranch_code,C16.320,4,"D000012,D000130,D000141,D000312"
branch_code_C16,branch_code,C16,subbranch_code_C17.800,subbranch_code,C17.800,1,D000169
branch_code_C16,branch_code,C16,subbranch_code_C18.452,subbranch_code,C18.452,3,"D000012,D000141,D000312"
branch_code_C16,branch_code,C16,subbranch_code_C19.053,subbranch_code,C19.053,1,D000312
branch_code_C16,branch_code,C16,subbranch_code_C19.391,subbranch_code,C19.391,1,D000312
branch_code_C16,branch_code,C16,subbranch_code_C26.733,subbranch_code,C26.733,1,D000016
branch_code_C16,branch_code,C16,subbranch_code_G01.750,subbranch_code,G01.750,1,D000016
branch_code_C16,branch_code,C16,subbranch_code_N06.850,subbranch_code,N06.850,1,D000016
branch_code_C17,branch_code,C17,subbranch_code_A10.165,subbranch_code,A10.165,1,D000153
branch_code_C17,branch_code,C17,subbranch_code_C01.150,subbranch_code,C01.150,1,D000197
branch_code_C17,branch_code,C17,subbranch_code_C01.800,subbranch_code,C01.800,1,D000197
branch_code_C17,branch_code,C17,subbranch_code_C16.131,subbranch_code,C16.131,1,D000169
branch_code_C17,branch_code,C17,subbranch_code_C17.300,subbranch_code,C17.300,1,D000153
branch_code_C17,branch_code,C17,subbranch_code_C17.800,subbranch_code,C17.800,7,"D000051,D000052,D000152,D000153,D000169,D000197,D000274"
branch_code_C17,branch_code,C17,subbranch_code_C18.452,subbranch_code,C18.452,1,D000274
branch_code_C17,branch_code,C17,subbranch_code_C23.550,subbranch_code,C23.550,1,D000051
branch_code_C18,branch_code,C18,subbranch_code_C06.405,subbranch_code,C06.405,1,D000126
branch_code_C18,branch_code,C18,subbranch_code_C08.618,subbranch_code,C08.618,1,D000142
branch_code_C18,branch_code,C18,subbranch_code_C12.050,subbranch_code,C12.050,2,"D000141,D000312"
branch_code_C18,branch_code,C18,subbranch_code_C12.200,subbranch_code,C12.200,2,"D000141,D000312"
branch_code_C18,branch_code,C18,subbranch_code_C12.800,subbranch_code,C12.800,1,D000312
branch_code_C18,branch_code,C18,subbranch_code_C12.950,subbranch_code,C12.950,1,D000141
branch_code_C18,branch_code,C18,subbranch_code_C16.131,subbranch_code,C16.131,1,D000312
branch_code_C18,branch_code,C18,subbranch_code_C16.320,subbranch_code,C16.320,3,"D000012,D000141,D000312"
branch_code_C18,branch_code,C18,subbranch_code_C17.800,subbranch_code,C17.800,1,D000274
branch_code_C18,branch_code,C18,subbranch_code_C18.452,subbranch_code,C18.452,9,"D000012,D000126,D000137,D000138,D000140,D000141,D000142,D000274,D000312"
branch_code_C18,branch_code,C18,subbranch_code_C19.053,subbranch_code,C19.053,1,D000312
branch_code_C18,branch_code,C18,subbranch_code_C19.391,subbranch_code,C19.391,1,D000312
branch_code_C19,branch_code,C19,subbranch_code_C04.588,subbranch_code,C04.588,2,"D000306,D000310"
branch_code_C19,branch_code,C19,subbranch_code_C05.116,subbranch_code,C05.116,1,D000172
branch_code_C19,branch_code,C19,subbranch_code_C10.228,subbranch_code,C10.228,1,D000172
branch_code_C19,branch_code,C19,subbranch_code_C12.050,subbranch_code,C12.050,1,D000312
branch_code_C19,branch_code,C19,subbranch_code_C12.200,subbranch_code,C12.200,1,D000312
branch_code_C19,branch_code,C19,subbranch_code_C12.800,subbranch_code,C12.800,1,D000312
branch_code_C19,branch_code,C19,subbranch_code_C16.131,subbranch_code,C16.131,1,D000312
branch_code_C19,branch_code,C19,subbranch_code_C16.320,subbranch_code,C16.320,1,D000312
branch_code_C19,branch_code,C19,subbranch_code_C18.452,subbranch_code,C18.452,1,D000312
branch_code_C19,branch_code,C19,subbranch_code_C19.053,subbranch_code,C19.053,8,"D000224,D000303,D000306,D000307,D000308,D000309,D000310,D000312"
branch_code_C19,branch_code,C19,subbranch_code_C19.344,subbranch_code,C19.344,2,"D000306,D000310"
branch_code_C19,branch_code,C19,subbranch_code_C19.391,subbranch_code,C19.391,1,D000312
branch_code_C19,branch_code,C19,subbranch_code_C19.700,subbranch_code,C19.700,1,D000172
branch_code_C19,branch_code,C19,subbranch_code_C20.111,subbranch_code,C20.111,1,D000224
branch_code_C20,branch_code,C20,subbranch_code_C01.221,subbranch_code,C01.221,1,D000163
branch_code_C20,branch_code,C20,subbranch_code_C01.778,subbranch_code,C01.778,1,D000163
branch_code_C20,branch_code,C20,subbranch_code_C01.925,subbranch_code,C01.925,1,D000163
branch_code_C20,branch_code,C20,subbranch_code_C12.100,subbranch_code,C12.100,1,D000163
branch_code_C20,branch_code,C20,subbranch_code_C19.053,subbranch_code,C19.053,1,D000224
branch_code_C20,branch_code,C20,subbranch_code_C20.111,subbranch_code,C20.111,1,D000224
branch_code_C20,branch_code,C20,subbranch_code_C20.673,subbranch_code,C20.673,1,D000163
branch_code_C22,branch_code,C22,subbranch_code_C01.150,subbranch_code,C01.150,1,D000187
branch_code_C22,branch_code,C22,subbranch_code_C12.050,subbranch_code,C12.050,1,D000034
branch_code_C22,branch_code,C22,subbranch_code_C22.021,subbranch_code,C22.021,1,D000034
branch_code_C22,branch_code,C22,subbranch_code_C22.039,subbranch_code,C22.039,1,D000187
branch_code_C23,branch_code,C23,subbranch_code_C01.830,subbranch_code,C01.830,1,D000038
branch_code_C23,branch_code,C23,subbranch_code_C14.280,subbranch_code,C14.280,1,D000219
branch_code_C23,branch_code,C23,subbranch_code_C17.800,subbranch_code,C17.800,1,D000051
branch_code_C23,branch_code,C23,subbranch_code_C23.550,subbranch_code,C23.550,6,"D000038,D000051,D000208,D000210,D000219,D000267"
branch_code_C23,branch_code,C23,subbranch_code_C23.888,subbranch_code,C23.888,1,D000006
branch_code_C25,branch_code,C25,subbranch_code_C10.668,subbranch_code,C10.668,1,D000170
branch_code_C25,branch_code,C25,subbranch_code_C10.720,subbranch_code,C10.720,1,D000170
branch_code_C25,branch_code,C25,subbranch_code_C25.723,subbranch_code,C25.723,1,D000170
branch_code_C26,branch_code,C26,subbranch_code_C16.131,subbranch_code,C16.131,1,D000016
branch_code_C26,branch_code,C26,subbranch_code_C26.017,subbranch_code,C26.017,1,D000007
branch_code_C26,branch_code,C26,subbranch_code_C26.733,subbranch_code,C26.733,1,D000016
branch_code_C26,branch_code,C26,subbranch_code_G01.750,subbranch_code,G01.750,1,D000016
branch_code_C26,branch_code,C26,subbranch_code_N06.850,subbranch_code,N06.850,1,D000016
branch_code_D01,branch_code,D01,subbranch_code_D01.029,subbranch_code,D01.029,3,"D000143,D000148,D000149"
branch_code_D01,branch_code,D01,subbranch_code_D01.268,subbranch_code,D01.268,1,D000186
branch_code_D01,branch_code,D01,subbranch_code_D01.303,subbranch_code,D01.303,1,D000149
branch_code_D01,branch_code,D01,subbranch_code_D01.496,subbranch_code,D01.496,1,D000186
branch_code_D01,branch_code,D01,subbranch_code_D01.552,subbranch_code,D01.552,1,D000186
branch_code_D01,branch_code,D01,subbranch_code_D01.695,subbranch_code,D01.695,1,D000149
branch_code_D01,branch_code,D01,subbranch_code_D01.857,subbranch_code,D01.857,1,D000149
branch_code_D01,branch_code,D01,subbranch_code_D25.223,subbranch_code,D25.223,1,D000149
branch_code_D01,branch_code,D01,subbranch_code_J01.637,subbranch_code,J01.637,1,D000149
branch_code_D02,branch_code,D02,subbranch_code_D02.033,subbranch_code,D02.033,1,D000070
branch_code_D02,branch_code,D02,subbranch_code_D02.047,subbranch_code,D02.047,2,"D000079,D000171"
branch_code_D02,branch_code,D02,subbranch_code_D02.065,subbranch_code,D02.065,6,"D000081,D000082,D000083,D000092,D000099,D000178"
branch_code_D02,branch_code,D02,subbranch_code_D02.092,subbranch_code,D02.092,6,"D000070,D000082,D000083,D000108,D000109,D000122"
branch_code_D02,branch_code,D02,subbranch_code_D02.113,subbranch_code,D02.113,1,D000089
branch_code_D02,branch_code,D02,subbranch_code_D02.241,subbranch_code,D02.241,15,"D000040,D000081,D000085,D000089,D000090,D000099,D000100,D000120,D000144,D000145,D000146,D000156,D000178,D000179,D000272"
branch_code_D02,branch_code,D02,subbranch_code_D02.355,subbranch_code,D02.355,2,"D000001,D000080"
branch_code_D02,branch_code,D02,subbranch_code_D02.455,subbranch_code,D02.455,9,"D000040,D000073,D000092,D000099,D000100,D000114,D000120,D000157,D000218"
branch_code_D02,branch_code,D02,subbranch_code_D02.522,subbranch_code,D02.522,4,"D000090,D000093,D000096,D000098"
branch_code_D02,branch_code,D02,subbranch_code_D02.540,subbranch_code,D02.540,1,D000001
branch_code_D02,branch_code,D02,subbranch_code_D02.626,subbranch_code,D02.626,2,"D000097,D000181"
branch_code_D02,branch_code,D02,subbranch_code_D02.675,subbranch_code,D02.675,1,D000122
branch_code_D02,branch_code,D02,subbranch_code_D02.705,subbranch_code,D02.705,1,D000002
branch_code_D02,branch_code,D02,subbranch_code_D02.886,subbranch_code,D02.886,7,"D000002,D000072,D000075,D000086,D000092,D000111,D000122"
branch_code_D02,branch_code,D02,subbranch_code_D03.132,subbranch_code,D03.132,1,D000157
branch_code_D02,branch_code,D02,subbranch_code_D03.383,subbranch_code,D03.383,1,D000086
branch_code_D02,branch_code,D02,subbranch_code_D03.633,subbranch_code,D03.633,2,"D000001,D000075"
branch_code_D02,branch_code,D02,subbranch_code_D04.345,subbranch_code,D04.345,1,D000001
branch_code_D02,branch_code,D02,subbranch_code_D04.615,subbranch_code,D04.615,2,"D000073,D000099"
branch_code_D02,branch_code,D02,subbranch_code_D10.251,subbranch_code,D10.251,1,D000085
branch_code_D02,branch_code,D02,subbranch_code_D12.125,subbranch_code,D12.125,1,D000111
branch_code_D03,branch_code,D03,subbranch_code_D02.355,subbranch_code,D02.355,1,D000001
branch_code_D03,branch_code,D03,subbranch_code_D02.455,subbranch_code,D02.455,1,D000157
branch_code_D03,branch_code,D03,subbranch_code_D02.540,subbranch_code,D02.540,1,D000001
branch_code_D03,branch_code,D03,subbranch_code_D02.886,subbranch_code,D02.886,2,"D000075,D000086"
branch_code_D03,branch_code,D03,subbranch_code_D03.066,subbranch_code,D03.066,1,D000147
branch_code_D03,branch_code,D03,subbranch_code_D03.132,subbranch_code,D03.132,2,"D000157,D000175"
branch_code_D03,branch_code,D03,subbranch_code_D03.383,subbranch_code,D03.383,3,"D000074,D000086,D000198"
branch_code_D03,branch_code,D03,subbranch_code_D03.633,subbranch_code,D03.633,23,"D000001,D000074,D000075,D000105,D000165,D000166,D000167,D000175,D000198,D000212,D000214,D000225,D000227,D000241,D000242,D000244,D000245,D000246,D000247,D000249,D000250,D000255,D000266"
branch_code_D03,branch_code,D03,subbranch_code_D04.345,subbranch_code,D04.345,1,D000001
branch_code_D03,branch_code,D03,subbranch_code_D08.211,subbranch_code,D08.211,2,"D000105,D000214"
branch_code_D03,branch_code,D03,subbranch_code_D09.408,subbranch_code,D09.408,4,"D000198,D000245,D000246,D000247"
branch_code_D03,branch_code,D03,subbranch_code_D13.570,subbranch_code,D13.570,1,D000241
branch_code_D03,branch_code,D03,subbranch_code_D13.695,subbranch_code,D13.695,12,"D000105,D000214,D000227,D000242,D000244,D000245,D000246,D000247,D000249,D000250,D000255,D000266"
branch_code_D04,branch_code,D04,subbranch_code_D02.065,subbranch_code,D02.065,1,D000099
branch_code_D04,branch_code,D04,subbranch_code_D02.241,subbranch_code,D02.241,1,D000099
branch_code_D04,branch_code,D04,subbranch_code_D02.355,subbranch_code,D02.355,1,D000001
branch_code_D04,branch_code,D04,subbranch_code_D02.455,subbranch_code,D02.455,2,"D000073,D000099"
branch_code_D04,branch_code,D04,subbranch_code_D02.540,subbranch_code,D02.540,1,D000001
branch_code_D04,branch_code,D04,subbranch_code_D03.633,subbranch_code,D03.633,1,D000001
branch_code_D04,branch_code,D04,subbranch_code_D04.210,subbranch_code,D04.210,3,"D000112,D000113,D000301"
branch_code_D04,branch_code,D04,subbranch_code_D04.345,subbranch_code,D04.345,1,D000001
branch_code_D04,branch_code,D04,subbranch_code_D04.615,subbranch_code,D04.615,2,"D000073,D000099"
branch_code_D04,branch_code,D04,subbranch_code_D09.408,subbranch_code,D09.408,2,"D000112,D000113"
branch_code_D04,branch_code,D04,subbranch_code_D10.570,subbranch_code,D10.570,1,D000301
branch_code_D05,branch_code,D05,subbranch_code_D05.750,subbranch_code,D05.750,3,"D000180,D000185,D000199"
branch_code_D05,branch_code,D05,subbranch_code_D12.776,subbranch_code,D12.776,2,"D000185,D000199"
branch_code_D05,branch_code,D05,subbranch_code_D25.720,subbranch_code,D25.720,1,D000180
branch_code_D05,branch_code,D05,subbranch_code_J01.637,subbranch_code,J01.637,1,D000180
branch_code_D06,branch_code,D06,subbranch_code_D06.472,subbranch_code,D06.472,1,D000305
branch_code_D08,branch_code,D08,subbranch_code_D03.633,subbranch_code,D03.633,2,"D000105,D000214"
branch_code_D08,branch_code,D08,subbranch_code_D08.211,subbranch_code,D08.211,2,"D000105,D000214"
branch_code_D08,branch_code,D08,subbranch_code_D08.811,subbranch_code,D08.811,29,"D000036,D000084,D000094,D000095,D000101,D000102,D000103,D000104,D000106,D000110,D000115,D000118,D000121,D000123,D000135,D000154,D000176,D000216,D000217,D000228,D000243,D000248,D000251,D000252,D000254,D000262,D000263,D000264,D000265"
branch_code_D08,branch_code,D08,subbranch_code_D12.776,subbranch_code,D12.776,5,"D000036,D000095,D000252,D000254,D000262"
branch_code_D08,branch_code,D08,subbranch_code_D13.695,subbranch_code,D13.695,2,"D000105,D000214"
branch_code_D09,branch_code,D09,subbranch_code_D03.383,subbranch_code,D03.383,1,D000198
branch_code_D09,branch_code,D09,subbranch_code_D03.633,subbranch_code,D03.633,4,"D000198,D000245,D000246,D000247"
branch_code_D09,branch_code,D09,subbranch_code_D04.210,subbranch_code,D04.210,2,"D000112,D000113"
branch_code_D09,branch_code,D09,subbranch_code_D09.067,subbranch_code,D09.067,3,"D000116,D000117,D000119"
branch_code_D09,branch_code,D09,subbranch_code_D09.408,subbranch_code,D09.408,6,"D000112,D000113,D000198,D000245,D000246,D000247"
branch_code_D09,branch_code,D09,subbranch_code_D09.811,subbranch_code,D09.811,1,D000119
branch_code_D09,branch_code,D09,subbranch_code_D12.644,subbranch_code,D12.644,1,D000119
branch_code_D09,branch_code,D09,subbranch_code_D13.695,subbranch_code,D13.695,3,"D000245,D000246,D000247"
branch_code_D10,branch_code,D10,subbranch_code_D02.241,subbranch_code,D02.241,1,D000085
branch_code_D10,branch_code,D10,subbranch_code_D04.210,subbranch_code,D04.210,1,D000301
branch_code_D10,branch_code,D10,subbranch_code_D10.251,subbranch_code,D10.251,1,D000085
branch_code_D10,branch_code,D10,subbranch_code_D10.570,subbranch_code,D10.570,1,D000301
branch_code_D12,branch_code,D12,subbranch_code_D02.886,subbranch_code,D02.886,1,D000111
branch_code_D12,branch_code,D12,subbranch_code_D05.750,subbranch_code,D05.750,2,"D000185,D000199"
branch_code_D12,branch_code,D12,subbranch_code_D08.811,subbranch_code,D08.811,5,"D000036,D000095,D000252,D000254,D000262"
branch_code_D12,branch_code,D12,subbranch_code_D09.067,subbranch_code,D09.067,1,D000119
branch_code_D12,branch_code,D12,subbranch_code_D09.811,subbranch_code,D09.811,1,D000119
branch_code_D12,branch_code,D12,subbranch_code_D12.125,subbranch_code,D12.125,1,D000111
branch_code_D12,branch_code,D12,subbranch_code_D12.644,subbranch_code,D12.644,1,D000119
branch_code_D12,branch_code,D12,subbranch_code_D12.776,subbranch_code,D12.776,11,"D000036,D000095,D000185,D000199,D000205,D000209,D000213,D000226,D000252,D000254,D000262"
branch_code_D13,branch_code,D13,subbranch_code_D03.633,subbranch_code,D03.633,13,"D000105,D000214,D000227,D000241,D000242,D000244,D000245,D000246,D000247,D000249,D000250,D000255,D000266"
branch_code_D13,branch_code,D13,subbranch_code_D08.211,subbranch_code,D08.211,2,"D000105,D000214"
branch_code_D13,branch_code,D13,subbranch_code_D09.408,subbranch_code,D09.408,3,"D000245,D000246,D000247"
branch_code_D13,branch_code,D13,subbranch_code_D13.570,subbranch_code,D13.570,1,D000241
branch_code_D13,branch_code,D13,subbranch_code_D13.695,subbranch_code,D13.695,12,"D000105,D000214,D000227,D000242,D000244,D000245,D000246,D000247,D000249,D000250,D000255,D000266"
branch_code_D20,branch_code,D20,subbranch_code_D20.777,subbranch_code,D20.777,1,D000183
branch_code_D23,branch_code,D23,subbranch_code_D23.050,subbranch_code,D23.050,1,D000017
branch_code_D25,branch_code,D25,subbranch_code_D01.029,subbranch_code,D01.029,1,D000149
branch_code_D25,branch_code,D25,subbranch_code_D01.303,subbranch_code,D01.303,1,D000149
branch_code_D25,branch_code,D25,subbranch_code_D01.695,subbranch_code,D01.695,1,D000149
branch_code_D25,branch_code,D25,subbranch_code_D01.857,subbranch_code,D01.857,1,D000149
branch_code_D25,branch_code,D25,subbranch_code_D05.750,subbranch_code,D05.750,1,D000180
branch_code_D25,branch_code,D25,subbranch_code_D25.223,subbranch_code,D25.223,1,D000149
branch_code_D25,branch_code,D25,subbranch_code_D25.720,subbranch_code,D25.720,1,D000180
branch_code_D25,branch_code,D25,subbranch_code_J01.637,subbranch_code,J01.637,2,"D000149,D000180"
branch_code_D26,branch_code,D26,subbranch_code_D26.650,subbranch_code,D26.650,1,D000277
branch_code_D26,branch_code,D26,subbranch_code_D27.720,subbranch_code,D27.720,1,D000277
branch_code_D27,branch_code,D27,subbranch_code_D26.650,subbranch_code,D26.650,1,D000277
branch_code_D27,branch_code,D27,subbranch_code_D27.505,subbranch_code,D27.505,5,"D000019,D000020,D000021,D000276,D000316"
branch_code_D27,branch_code,D27,subbranch_code_D27.720,subbranch_code,D27.720,2,"D000269,D000277"
branch_code_D27,branch_code,D27,subbranch_code_J01.637,subbranch_code,J01.637,1,D000269
branch_code_E01,branch_code,E01,subbranch_code_E01.370,subbranch_code,E01.370,2,"D000158,D000304"
branch_code_E02,branch_code,E02,subbranch_code_E02.037,subbranch_code,E02.037,1,D000161
branch_code_E02,branch_code,E02,subbranch_code_E02.190,subbranch_code,E02.190,1,D000161
branch_code_E02,branch_code,E02,subbranch_code_E02.319,subbranch_code,E02.319,10,"D000278,D000279,D000280,D000281,D000282,D000283,D000284,D000285,D000286,D000287"
branch_code_E02,branch_code,E02,subbranch_code_E02.760,subbranch_code,E02.760,1,D000203
branch_code_E02,branch_code,E02,subbranch_code_E02.831,subbranch_code,E02.831,1,D000203
branch_code_E02,branch_code,E02,subbranch_code_E05.723,subbranch_code,E05.723,1,D000161
branch_code_E02,branch_code,E02,subbranch_code_I03.050,subbranch_code,I03.050,1,D000203
branch_code_E02,branch_code,E02,subbranch_code_N02.421,subbranch_code,N02.421,1,D000203
branch_code_E04,branch_code,E04,subbranch_code_E04.270,subbranch_code,E04.270,1,D000315
branch_code_E04,branch_code,E04,subbranch_code_E04.520,subbranch_code,E04.520,4,"D000025,D000028,D000029,D000032"
branch_code_E04,branch_code,E04,subbranch_code_E04.580,subbranch_code,E04.580,1,D000233
branch_code_E05,branch_code,E05,subbranch_code_E02.037,subbranch_code,E02.037,1,D000161
branch_code_E05,branch_code,E05,subbranch_code_E02.190,subbranch_code,E02.190,1,D000161
branch_code_E05,branch_code,E05,subbranch_code_E05.196,subbranch_code,E05.196,1,D000201
branch_code_E05,branch_code,E05,subbranch_code_E05.318,subbranch_code,E05.318,1,D000206
branch_code_E05,branch_code,E05,subbranch_code_E05.723,subbranch_code,E05.723,1,D000161
branch_code_E05,branch_code,E05,subbranch_code_N05.715,subbranch_code,N05.715,1,D000206
branch_code_E05,branch_code,E05,subbranch_code_N06.850,subbranch_code,N06.850,1,D000206
branch_code_E06,branch_code,E06,subbranch_code_E06.658,subbranch_code,E06.658,1,D000202
branch_code_E06,branch_code,E06,subbranch_code_E06.780,subbranch_code,E06.780,1,D000044
branch_code_E06,branch_code,E06,subbranch_code_E06.931,subbranch_code,E06.931,1,D000134
branch_code_E06,branch_code,E06,subbranch_code_E07.695,subbranch_code,E07.695,1,D000044
branch_code_E07,branch_code,E07,subbranch_code_E06.780,subbranch_code,E06.780,1,D000044
branch_code_E07,branch_code,E07,subbranch_code_E07.695,subbranch_code,E07.695,1,D000044
branch_code_F01,branch_code,F01,subbranch_code_F01.058,subbranch_code,F01.058,1,D000223
branch_code_F01,branch_code,F01,subbranch_code_F01.145,subbranch_code,F01.145,2,"D000057,D000294"
branch_code_F01,branch_code,F01,subbranch_code_F01.393,subbranch_code,F01.393,1,D000184
branch_code_F01,branch_code,F01,subbranch_code_F01.658,subbranch_code,F01.658,1,D000124
branch_code_F01,branch_code,F01,subbranch_code_F02.784,subbranch_code,F02.784,1,D000124
branch_code_F02,branch_code,F02,subbranch_code_F01.658,subbranch_code,F01.658,1,D000124
branch_code_F02,branch_code,F02,subbranch_code_F02.784,subbranch_code,F02.784,2,"D000041,D000124"
branch_code_F03,branch_code,F03,subbranch_code_F03.950,subbranch_code,F03.950,1,D000275
branch_code_F04,branch_code,F04,subbranch_code_F04.096,subbranch_code,F04.096,2,"D000296,D000297"
branch_code_F04,branch_code,F04,subbranch_code_F04.754,subbranch_code,F04.754,1,D000035
branch_code_F04,branch_code,F04,subbranch_code_H02.403,subbranch_code,H02.403,1,D000296
branch_code_G01,branch_code,G01,subbranch_code_C16.131,subbranch_code,C16.131,1,D000016
branch_code_G01,branch_code,G01,subbranch_code_C26.733,subbranch_code,C26.733,1,D000016
branch_code_G01,branch_code,G01,subbranch_code_G01.015,subbranch_code,G01.015,1,D000042
branch_code_G01,branch_code,G01,subbranch_code_G01.482,subbranch_code,G01.482,1,D000054
branch_code_G01,branch_code,G01,subbranch_code_G01.750,subbranch_code,G01.750,1,D000016
branch_code_G01,branch_code,G01,subbranch_code_G02.010,subbranch_code,G02.010,1,D000042
branch_code_G01,branch_code,G01,subbranch_code_G03.015,subbranch_code,G03.015,1,D000042
branch_code_G01,branch_code,G01,subbranch_code_G03.787,subbranch_code,G03.787,1,D000042
branch_code_G01,branch_code,G01,subbranch_code_G07.690,subbranch_code,G07.690,1,D000042
branch_code_G01,branch_code,G01,subbranch_code_N06.850,subbranch_code,N06.850,1,D000016
branch_code_G02,branch_code,G02,subbranch_code_G01.015,subbranch_code,G01.015,1,D000042
branch_code_G02,branch_code,G02,subbranch_code_G02.010,subbranch_code,G02.010,1,D000042
branch_code_G02,branch_code,G02,subbranch_code_G02.111,subbranch_code,G02.111,3,"D000107,D000136,D000215"
branch_code_G02,branch_code,G02,subbranch_code_G02.300,subbranch_code,G02.300,1,D000136
branch_code_G02,branch_code,G02,subbranch_code_G02.607,subbranch_code,G02.607,2,"D000107,D000215"
branch_code_G02,branch_code,G02,subbranch_code_G02.860,subbranch_code,G02.860,1,D000268
branch_code_G02,branch_code,G02,subbranch_code_G03.015,subbranch_code,G03.015,1,D000042
branch_code_G02,branch_code,G02,subbranch_code_G03.030,subbranch_code,G03.030,1,D000136
branch_code_G02,branch_code,G02,subbranch_code_G03.040,subbranch_code,G03.040,2,"D000107,D000215"
branch_code_G02,branch_code,G02,subbranch_code_G03.787,subbranch_code,G03.787,1,D000042
branch_code_G02,branch_code,G02,subbranch_code_G07.410,subbranch_code,G07.410,1,D000136
branch_code_G02,branch_code,G02,subbranch_code_G07.690,subbranch_code,G07.690,1,D000042
branch_code_G02,branch_code,G02,subbranch_code_G09.188,subbranch_code,G09.188,1,D000136
branch_code_G03,branch_code,G03,subbranch_code_G01.015,subbranch_code,G01.015,1,D000042
branch_code_G03,branch_code,G03,subbranch_code_G02.010,subbranch_code,G02.010,1,D000042
branch_code_G03,branch_code,G03,subbranch_code_G02.111,subbranch_code,G02.111,3,"D000107,D000136,D000215"
branch_code_G03,branch_code,G03,subbranch_code_G02.300,subbranch_code,G02.300,1,D000136
branch_code_G03,branch_code,G03,subbranch_code_G02.607,subbranch_code,G02.607,2,"D000107,D000215"
branch_code_G03,branch_code,G03,subbranch_code_G03.015,subbranch_code,G03.015,1,D000042
branch_code_G03,branch_code,G03,subbranch_code_G03.030,subbranch_code,G03.030,1,D000136
branch_code_G03,branch_code,G03,subbranch_code_G03.040,subbranch_code,G03.040,2,"D000107,D000215"
branch_code_G03,branch_code,G03,subbranch_code_G03.787,subbranch_code,G03.787,1,D000042
branch_code_G03,branch_code,G03,subbranch_code_G07.410,subbranch_code,G07.410,1,D000136
branch_code_G03,branch_code,G03,subbranch_code_G07.690,subbranch_code,G07.690,1,D000042
branch_code_G03,branch_code,G03,subbranch_code_G09.188,subbranch_code,G09.188,1,D000136
branch_code_G04,branch_code,G04,subbranch_code_G04.580,subbranch_code,G04.580,1,D000200
branch_code_G04,branch_code,G04,subbranch_code_G07.265,subbranch_code,G07.265,1,D000200
branch_code_G04,branch_code,G04,subbranch_code_G11.561,subbranch_code,G11.561,1,D000200
branch_code_G07,branch_code,G07,subbranch_code_G01.015,subbranch_code,G01.015,1,D000042
branch_code_G07,branch_code,G07,subbranch_code_G02.010,subbranch_code,G02.010,1,D000042
branch_code_G07,branch_code,G07,subbranch_code_G02.111,subbranch_code,G02.111,1,D000136
branch_code_G07,branch_code,G07,subbranch_code_G02.300,subbranch_code,G02.300,1,D000136
branch_code_G07,branch_code,G07,subbranch_code_G03.015,subbranch_code,G03.015,1,D000042
branch_code_G07,branch_code,G07,subbranch_code_G03.030,subbranch_code,G03.030,1,D000136
branch_code_G07,branch_code,G07,subbranch_code_G03.787,subbranch_code,G03.787,1,D000042
branch_code_G07,branch_code,G07,subbranch_code_G04.580,subbranch_code,G04.580,1,D000200
branch_code_G07,branch_code,G07,subbranch_code_G07.025,subbranch_code,G07.025,2,"D000064,D000222"
branch_code_G07,branch_code,G07,subbranch_code_G07.180,subbranch_code,G07.180,1,D000204
branch_code_G07,branch_code,G07,subbranch_code_G07.265,subbranch_code,G07.265,1,D000200
branch_code_G07,branch_code,G07,subbranch_code_G07.410,subbranch_code,G07.410,1,D000136
branch_code_G07,branch_code,G07,subbranch_code_G07.690,subbranch_code,G07.690,1,D000042
branch_code_G07,branch_code,G07,subbranch_code_G09.188,subbranch_code,G09.188,1,D000136
branch_code_G07,branch_code,G07,subbranch_code_G11.561,subbranch_code,G11.561,1,D000200
branch_code_G07,branch_code,G07,subbranch_code_G16.012,subbranch_code,G16.012,2,"D000064,D000222"
branch_code_G08,branch_code,G08,subbranch_code_C12.050,subbranch_code,C12.050,1,D000022
branch_code_G08,branch_code,G08,subbranch_code_G08.686,subbranch_code,G08.686,1,D000022
branch_code_G09,branch_code,G09,subbranch_code_G02.111,subbranch_code,G02.111,1,D000136
branch_code_G09,branch_code,G09,subbranch_code_G02.300,subbranch_code,G02.300,1,D000136
branch_code_G09,branch_code,G09,subbranch_code_G03.030,subbranch_code,G03.030,1,D000136
branch_code_G09,branch_code,G09,subbranch_code_G07.410,subbranch_code,G07.410,1,D000136
branch_code_G09,branch_code,G09,subbranch_code_G09.188,subbranch_code,G09.188,1,D000136
branch_code_G11,branch_code,G11,subbranch_code_G04.580,subbranch_code,G04.580,1,D000200
branch_code_G11,branch_code,G11,subbranch_code_G07.265,subbranch_code,G07.265,1,D000200
branch_code_G11,branch_code,G11,subbranch_code_G11.561,subbranch_code,G11.561,1,D000200
branch_code_G14,branch_code,G14,subbranch_code_G14.010,subbranch_code,G14.010,1,D000065
branch_code_G14,branch_code,G14,subbranch_code_G14.020,subbranch_code,G14.020,1,D000221
branch_code_G16,branch_code,G16,subbranch_code_G07.025,subbranch_code,G07.025,2,"D000064,D000222"
branch_code_G16,branch_code,G16,subbranch_code_G16.012,subbranch_code,G16.012,3,"D000064,D000220,D000222"
branch_code_H01,branch_code,H01,subbranch_code_H01.671,subbranch_code,H01.671,1,D000162
branch_code_H02,branch_code,H02,subbranch_code_F04.096,subbranch_code,F04.096,1,D000296
branch_code_H02,branch_code,H02,subbranch_code_H02.403,subbranch_code,H02.403,2,"D000295,D000296"
branch_code_I01,branch_code,I01,subbranch_code_I01.076,subbranch_code,I01.076,1,D000069
branch_code_I01,branch_code,I01,subbranch_code_I01.198,subbranch_code,I01.198,1,D000024
branch_code_I01,branch_code,I01,subbranch_code_I01.880,subbranch_code,I01.880,2,"D000069,D000300"
branch_code_I03,branch_code,I03,subbranch_code_E02.760,subbranch_code,E02.760,1,D000203
branch_code_I03,branch_code,I03,subbranch_code_E02.831,subbranch_code,E02.831,1,D000203
branch_code_I03,branch_code,I03,subbranch_code_I03.050,subbranch_code,I03.050,1,D000203
branch_code_I03,branch_code,I03,subbranch_code_N02.421,subbranch_code,N02.421,1,D000203
branch_code_J01,branch_code,J01,subbranch_code_D01.029,subbranch_code,D01.029,1,D000149
branch_code_J01,branch_code,J01,subbranch_code_D01.303,subbranch_code,D01.303,1,D000149
branch_code_J01,branch_code,J01,subbranch_code_D01.695,subbranch_code,D01.695,1,D000149
branch_code_J01,branch_code,J01,subbranch_code_D01.857,subbranch_code,D01.857,1,D000149
branch_code_J01,branch_code,J01,subbranch_code_D05.750,subbranch_code,D05.750,1,D000180
branch_code_J01,branch_code,J01,subbranch_code_D25.223,subbranch_code,D25.223,1,D000149
branch_code_J01,branch_code,J01,subbranch_code_D25.720,subbranch_code,D25.720,1,D000180
branch_code_J01,branch_code,J01,subbranch_code_D27.720,subbranch_code,D27.720,1,D000269
branch_code_J01,branch_code,J01,subbranch_code_J01.576,subbranch_code,J01.576,1,D000003
branch_code_J01,branch_code,J01,subbranch_code_J01.637,subbranch_code,J01.637,3,"D000149,D000180,D000269"
branch_code_J01,branch_code,J01,subbranch_code_J03.540,subbranch_code,J03.540,1,D000003
branch_code_J03,branch_code,J03,subbranch_code_J01.576,subbranch_code,J01.576,1,D000003
branch_code_J03,branch_code,J03,subbranch_code_J03.540,subbranch_code,J03.540,1,D000003
branch_code_L01,branch_code,L01,subbranch_code_L01.462,subbranch_code,L01.462,1,D000043
branch_code_L01,branch_code,L01,subbranch_code_L01.559,subbranch_code,L01.559,1,D000004
branch_code_M01,branch_code,M01,subbranch_code_M01.050,subbranch_code,M01.050,1,D000023
branch_code_M01,branch_code,M01,subbranch_code_M01.060,subbranch_code,M01.060,1,D000293
branch_code_M01,branch_code,M01,subbranch_code_M01.526,subbranch_code,M01.526,1,D000288
branch_code_M01,branch_code,M01,subbranch_code_M01.643,subbranch_code,M01.643,2,"D000298,D000299"
branch_code_N02,branch_code,N02,subbranch_code_E02.760,subbranch_code,E02.760,1,D000203
branch_code_N02,branch_code,N02,subbranch_code_E02.831,subbranch_code,E02.831,1,D000203
branch_code_N02,branch_code,N02,subbranch_code_I03.050,subbranch_code,I03.050,1,D000203
branch_code_N02,branch_code,N02,subbranch_code_N02.278,subbranch_code,N02.278,2,"D000046,D000289"
branch_code_N02,branch_code,N02,subbranch_code_N02.421,subbranch_code,N02.421,1,D000203
branch_code_N02,branch_code,N02,subbranch_code_N04.452,subbranch_code,N04.452,1,D000289
branch_code_N03,branch_code,N03,subbranch_code_N03.219,subbranch_code,N03.219,2,"D000066,D000067"
branch_code_N03,branch_code,N03,subbranch_code_N03.540,subbranch_code,N03.540,1,D000047
branch_code_N03,branch_code,N03,subbranch_code_N03.706,subbranch_code,N03.706,1,D000068
branch_code_N03,branch_code,N03,subbranch_code_N05.700,subbranch_code,N05.700,1,D000068
branch_code_N04,branch_code,N04,subbranch_code_N02.278,subbranch_code,N02.278,1,D000289
branch_code_N04,branch_code,N04,subbranch_code_N04.452,subbranch_code,N04.452,1,D000289
branch_code_N05,branch_code,N05,subbranch_code_E05.318,subbranch_code,E05.318,1,D000206
branch_code_N05,branch_code,N05,subbranch_code_N03.706,subbranch_code,N03.706,1,D000068
branch_code_N05,branch_code,N05,subbranch_code_N05.700,subbranch_code,N05.700,1,D000068
branch_code_N05,branch_code,N05,subbranch_code_N05.715,subbranch_code,N05.715,1,D000206
branch_code_N05,branch_code,N05,subbranch_code_N06.850,subbranch_code,N06.850,1,D000206
branch_code_N06,branch_code,N06,subbranch_code_C16.131,subbranch_code,C16.131,1,D000016
branch_code_N06,branch_code,N06,subbranch_code_C26.733,subbranch_code,C26.733,1,D000016
branch_code_N06,branch_code,N06,subbranch_code_E05.318,subbranch_code,E05.318,1,D000206
branch_code_N06,branch_code,N06,subbranch_code_G01.750,subbranch_code,G01.750,1,D000016
branch_code_N06,branch_code,N06,subbranch_code_N05.715,subbranch_code,N05.715,1,D000206
branch_code_N06,branch_code,N06,subbranch_code_N06.850,subbranch_code,N06.850,9,"D000016,D000056,D000058,D000059,D000060,D000061,D000062,D000063,D000206"
