descriptor_ui,replication_count,nodes
D000001,5,"node_1,node_2,node_3,node_5,node_7"
D000002,4,"node_1,node_5,node_7,node_8"
D000003,2,"node_3,node_8"
D000004,2,"node_10,node_5"
D000005,2,"node_10,node_2"
D000006,2,"node_5,node_8"
D000007,2,"node_2,node_8"
D000008,2,"node_1,node_8"
D000009,2,"node_10,node_2"
D000010,2,"node_2,node_5"
D000011,2,"node_1,node_4"
D000012,3,"node_1,node_2,node_8"
D000013,3,"node_2,node_3,node_8"
D000014,3,"node_2,node_3,node_8"
D000015,3,"node_2,node_3,node_8"
D000016,4,"node_1,node_2,node_3,node_8"
D000017,2,"node_1,node_7"
D000018,2,"node_10,node_2"
D000019,3,"node_3,node_5,node_7"
D000020,3,"node_3,node_5,node_7"
D000021,3,"node_3,node_5,node_7"
D000022,3,"node_10,node_3,node_8"
D000023,2,"node_4,node_5"
D000024,2,"node_4,node_7"
D000025,3,"node_10,node_5,node_7"
D000026,2,"node_10,node_8"
D000027,2,"node_10,node_8"
D000028,3,"node_10,node_5,node_7"
D000029,3,"node_10,node_5,node_7"
D000030,2,"node_10,node_8"
D000031,3,"node_10,node_2,node_8"
D000032,3,"node_10,node_5,node_7"
D000033,2,"node_10,node_8"
D000034,2,"node_10,node_8"
D000035,2,"node_2,node_4"
D000036,4,"node_1,node_2,node_4,node_7"
D000037,2,"node_10,node_8"
D000038,2,"node_10,node_8"
D000039,4,"node_10,node_3,node_7,node_8"
D000040,4,"node_1,node_10,node_7,node_8"
D000041,2,"node_2,node_4"
D000042,2,"node_3,node_8"
D000043,2,"node_10,node_5"
D000044,2,"node_1,node_5"
D000045,2,"node_1,node_3"
D000046,2,"node_3,node_4"
D000047,2,"node_3,node_4"
D000048,2,"node_1,node_3"
D000049,2,"node_1,node_3"
D000050,2,"node_2,node_8"
D000051,3,"node_10,node_2,node_8"
D000052,2,"node_2,node_8"
D000053,2,"node_1,node_3"
D000054,2,"node_3,node_8"
D000055,2,"node_2,node_5"
D000056,2,"node_2,node_3"
D000057,2,"node_2,node_4"
D000058,2,"node_2,node_3"
D000059,2,"node_2,node_3"
D000060,2,"node_2,node_3"
D000061,2,"node_2,node_3"
D000062,2,"node_2,node_3"
D000063,2,"node_2,node_3"
D000064,2,"node_10,node_3"
D000065,2,"node_2,node_3"
D000066,3,"node_10,node_3,node_4"
D000067,3,"node_10,node_3,node_4"
D000068,3,"node_10,node_3,node_4"
D000069,4,"node_1,node_3,node_4,node_7"
D000070,3,"node_1,node_5,node_7"
D000072,3,"node_1,node_5,node_7"
D000073,5,"node_1,node_3,node_5,node_7,node_8"
D000074,3,"node_2,node_5,node_7"
D000075,3,"node_1,node_5,node_7"
D000076,2,"node_1,node_3"
D000077,2,"node_2,node_4"
D000079,3,"node_1,node_2,node_7"
D000080,2,"node_1,node_7"
D000081,4,"node_1,node_10,node_5,node_7"
D000082,3,"node_1,node_5,node_7"
D000083,3,"node_1,node_5,node_7"
D000084,3,"node_1,node_4,node_7"
D000085,5,"node_1,node_10,node_3,node_5,node_7"
D000086,4,"node_1,node_2,node_5,node_7"
D000089,3,"node_1,node_10,node_7"
D000090,4,"node_1,node_10,node_7,node_8"
D000091,4,"node_1,node_10,node_2,node_3"
D000092,4,"node_1,node_5,node_7,node_8"
D000093,3,"node_1,node_7,node_8"
D000094,3,"node_1,node_4,node_7"
D000095,4,"node_1,node_2,node_4,node_7"
D000096,3,"node_1,node_7,node_8"
D000097,3,"node_1,node_4,node_7"
D000098,3,"node_1,node_7,node_8"
D000099,6,"node_1,node_10,node_3,node_5,node_7,node_8"
D000100,4,"node_1,node_10,node_7,node_8"
D000101,3,"node_1,node_4,node_7"
D000102,3,"node_1,node_4,node_7"
D000103,3,"node_1,node_4,node_7"
D000104,3,"node_1,node_4,node_7"
D000105,3,"node_1,node_5,node_7"
D000106,3,"node_1,node_4,node_7"
D000107,2,"node_2,node_3"
D000108,3,"node_1,node_5,node_7"
D000109,3,"node_1,node_5,node_7"
D000110,3,"node_1,node_4,node_7"
D000111,4,"node_1,node_2,node_5,node_7"
D000112,4,"node_2,node_3,node_4,node_7"
D000113,4,"node_2,node_3,node_4,node_7"
D000114,3,"node_1,node_7,node_8"
D000115,3,"node_1,node_4,node_7"
D000116,2,"node_2,node_7"
D000117,2,"node_2,node_7"
D000118,3,"node_1,node_4,node_7"
D000119,3,"node_10,node_2,node_7"
D000120,4,"node_1,node_10,node_7,node_8"
D000121,3,"node_1,node_4,node_7"
D000122,3,"node_1,node_5,node_7"
D000123,3,"node_1,node_4,node_7"
D000124,2,"node_2,node_4"
D000125,2,"node_2,node_3"
D000126,3,"node_1,node_2,node_8"
D000127,3,"node_1,node_10,node_2"
D000128,3,"node_1,node_10,node_2"
D000129,3,"node_1,node_10,node_2"
D000130,3,"node_2,node_7,node_8"
D000134,2,"node_1,node_5"
D000135,3,"node_1,node_4,node_7"
D000136,2,"node_3,node_5"
D000137,3,"node_1,node_2,node_8"
D000138,3,"node_1,node_2,node_8"
D000140,3,"node_1,node_2,node_8"
D000141,4,"node_1,node_10,node_2,node_8"
D000142,4,"node_1,node_2,node_7,node_8"
D000143,2,"node_5,node_7"
D000144,3,"node_1,node_10,node_7"
D000145,3,"node_1,node_10,node_7"
D000146,3,"node_1,node_10,node_7"
D000147,3,"node_3,node_5,node_7"
D000148,2,"node_5,node_7"
D000149,3,"node_3,node_5,node_7"
D000150,4,"node_1,node_10,node_2,node_3"
D000151,2,"node_10,node_8"
D000152,2,"node_2,node_8"
D000153,2,"node_2,node_8"
D000154,3,"node_1,node_4,node_7"
D000156,3,"node_1,node_10,node_7"
D000157,4,"node_1,node_5,node_7,node_8"
D000158,3,"node_1,node_4,node_5"
D000159,2,"node_2,node_5"
D000160,3,"node_10,node_2,node_8"
D000161,3,"node_10,node_4,node_5"
D000162,2,"node_10,node_3"
D000163,2,"node_10,node_8"
D000164,2,"node_1,node_3"
D000165,2,"node_5,node_7"
D000166,2,"node_5,node_7"
D000167,2,"node_5,node_7"
D000168,4,"node_2,node_3,node_7,node_8"
D000169,3,"node_2,node_3,node_8"
D000170,3,"node_10,node_2,node_8"
D000171,3,"node_1,node_2,node_7"
D000172,5,"node_1,node_10,node_2,node_7,node_8"
D000173,2,"node_2,node_4"
D000174,2,"node_2,node_4"
D000175,2,"node_5,node_7"
D000176,3,"node_1,node_4,node_7"
D000177,2,"node_1,node_2"
D000178,4,"node_1,node_10,node_5,node_7"
D000179,3,"node_1,node_10,node_7"
D000180,4,"node_2,node_3,node_4,node_7"
D000181,3,"node_1,node_4,node_7"
D000182,2,"node_1,node_8"
D000183,2,"node_4,node_7"
D000184,2,"node_10,node_4"
D000185,3,"node_2,node_4,node_7"
D000186,4,"node_1,node_2,node_5,node_7"
D000187,2,"node_10,node_8"
D000188,4,"node_1,node_10,node_2,node_3"
D000189,2,"node_10,node_8"
D000190,3,"node_1,node_10,node_4"
D000191,3,"node_1,node_10,node_4"
D000192,3,"node_1,node_10,node_4"
D000193,2,"node_10,node_8"
D000196,2,"node_10,node_8"
D000197,4,"node_10,node_2,node_3,node_8"
D000198,4,"node_2,node_4,node_5,node_7"
D000199,3,"node_2,node_4,node_7"
D000200,2,"node_3,node_8"
D000201,2,"node_4,node_5"
D000202,2,"node_5,node_8"
D000203,4,"node_3,node_4,node_5,node_7"
D000204,2,"node_2,node_3"
D000205,3,"node_2,node_4,node_7"
D000206,4,"node_2,node_3,node_4,node_5"
D000208,2,"node_10,node_8"
D000209,3,"node_2,node_4,node_7"
D000210,2,"node_10,node_8"
D000212,2,"node_5,node_7"
D000213,3,"node_2,node_4,node_7"
D000214,3,"node_1,node_5,node_7"
D000215,2,"node_2,node_3"
D000216,3,"node_1,node_4,node_7"
D000217,3,"node_1,node_4,node_7"
D000218,3,"node_1,node_7,node_8"
D000219,2,"node_10,node_8"
D000220,2,"node_10,node_3"
D000221,2,"node_2,node_3"
D000222,2,"node_10,node_3"
D000223,2,"node_10,node_4"
D000224,2,"node_10,node_8"
D000225,2,"node_5,node_7"
D000226,3,"node_2,node_4,node_7"
D000227,3,"node_1,node_5,node_7"
D000228,3,"node_1,node_4,node_7"
D000229,2,"node_1,node_4"
D000230,3,"node_1,node_7,node_8"
D000231,3,"node_1,node_7,node_8"
D000232,3,"node_1,node_7,node_8"
D000233,2,"node_10,node_5"
D000234,2,"node_2,node_4"
D000235,3,"node_1,node_7,node_8"
D000236,3,"node_1,node_7,node_8"
D000237,3,"node_1,node_7,node_8"
D000238,3,"node_1,node_7,node_8"
D000239,3,"node_1,node_7,node_8"
D000241,3,"node_4,node_5,node_7"
D000242,3,"node_1,node_5,node_7"
D000243,3,"node_1,node_4,node_7"
D000244,3,"node_1,node_5,node_7"
D000245,5,"node_1,node_2,node_4,node_5,node_7"
D000246,5,"node_1,node_2,node_4,node_5,node_7"
D000247,5,"node_1,node_2,node_4,node_5,node_7"
D000248,3,"node_1,node_4,node_7"
D000249,3,"node_1,node_5,node_7"
D000250,3,"node_1,node_5,node_7"
D000251,3,"node_1,node_4,node_7"
D000252,4,"node_1,node_2,node_4,node_7"
D000254,4,"node_1,node_2,node_4,node_7"
D000255,3,"node_1,node_5,node_7"
D000256,2,"node_1,node_4"
D000257,2,"node_10,node_8"
D000258,2,"node_10,node_8"
D000259,2,"node_1,node_4"
D000260,2,"node_1,node_4"
D000261,2,"node_1,node_4"
D000262,4,"node_1,node_2,node_4,node_7"
D000263,3,"node_1,node_4,node_7"
D000264,3,"node_1,node_4,node_7"
D000265,3,"node_1,node_4,node_7"
D000266,3,"node_1,node_5,node_7"
D000267,2,"node_10,node_8"
D000268,2,"node_2,node_3"
D000269,2,"node_3,node_7"
D000270,6,"node_1,node_10,node_2,node_3,node_5,node_8"
D000272,3,"node_1,node_10,node_7"
D000273,2,"node_2,node_8"
D000274,3,"node_1,node_2,node_8"
D000275,3,"node_10,node_2,node_4"
D000276,3,"node_3,node_5,node_7"
D000277,3,"node_3,node_5,node_7"
D000278,2,"node_4,node_5"
D000279,2,"node_4,node_5"
D000280,2,"node_4,node_5"
D000281,2,"node_4,node_5"
D000282,2,"node_4,node_5"
D000283,2,"node_4,node_5"
D000284,2,"node_4,node_5"
D000285,2,"node_4,node_5"
D000286,2,"node_4,node_5"
D000287,2,"node_4,node_5"
D000288,2,"node_10,node_4"
D000289,3,"node_10,node_3,node_4"
D000290,2,"node_1,node_2"
D000291,2,"node_10,node_8"
D000292,2,"node_10,node_8"
D000293,2,"node_10,node_4"
D000294,2,"node_2,node_4"
D000295,2,"node_10,node_4"
D000296,2,"node_10,node_4"
D000297,2,"node_10,node_4"
D000298,2,"node_10,node_4"
D000299,2,"node_10,node_4"
D000300,3,"node_1,node_4,node_7"
D000301,4,"node_2,node_3,node_5,node_7"
D000302,2,"node_10,node_2"
D000303,2,"node_10,node_8"
D000304,3,"node_1,node_4,node_5"
D000305,2,"node_7,node_8"
D000306,3,"node_1,node_10,node_8"
D000307,2,"node_10,node_8"
D000308,2,"node_10,node_8"
D000309,2,"node_10,node_8"
D000310,3,"node_1,node_10,node_8"
D000311,2,"node_10,node_2"
D000312,5,"node_1,node_10,node_2,node_3,node_8"
D000313,2,"node_10,node_2"
D000314,3,"node_1,node_7,node_8"
D000315,2,"node_10,node_5"
D000316,3,"node_3,node_5,node_7"
